symbol,call_datetime,event_year,y,probability,model,split
CTAS,2019-12-17 17:00:00,2019,1,0.5058823529411764,train_rate_baseline,walk_forward_2019
CTAS,2019-09-25 17:00:00,2019,1,0.5058823529411764,train_rate_baseline,walk_forward_2019
FDX,2019-12-17 17:30:00,2019,0,0.5058823529411764,train_rate_baseline,walk_forward_2019
FDX,2019-09-17 17:30:00,2019,0,0.5058823529411764,train_rate_baseline,walk_forward_2019
ADP,2019-07-31 08:30:00,2019,1,0.5058823529411764,train_rate_baseline,walk_forward_2019
ALLE,2019-10-24 08:00:00,2019,1,0.5058823529411764,train_rate_baseline,walk_forward_2019
ALLE,2019-07-25 08:00:00,2019,0,0.5058823529411764,train_rate_baseline,walk_forward_2019
ALLE,2019-04-26 08:00:00,2019,1,0.5058823529411764,train_rate_baseline,walk_forward_2019
BR,2019-08-01 08:30:00,2019,1,0.5058823529411764,train_rate_baseline,walk_forward_2019
CAT,2019-10-23 08:30:00,2019,1,0.5058823529411764,train_rate_baseline,walk_forward_2019
CPRT,2019-05-23 09:00:00,2019,1,0.5058823529411764,train_rate_baseline,walk_forward_2019
CTAS,2019-07-16 17:00:00,2019,1,0.5058823529411764,train_rate_baseline,walk_forward_2019
CTAS,2019-03-21 17:00:00,2019,0,0.5058823529411764,train_rate_baseline,walk_forward_2019
EFX,2019-07-25 08:30:00,2019,0,0.5058823529411764,train_rate_baseline,walk_forward_2019
EFX,2019-05-10 08:30:00,2019,1,0.5058823529411764,train_rate_baseline,walk_forward_2019
EFX,2019-02-21 08:30:00,2019,1,0.5058823529411764,train_rate_baseline,walk_forward_2019
FDX,2019-06-26 17:30:00,2019,0,0.5058823529411764,train_rate_baseline,walk_forward_2019
FDX,2019-03-19 17:30:00,2019,0,0.5058823529411764,train_rate_baseline,walk_forward_2019
FTV,2019-02-07 17:30:00,2019,1,0.5058823529411764,train_rate_baseline,walk_forward_2019
FTV,2019-10-24 17:30:00,2019,0,0.5058823529411764,train_rate_baseline,walk_forward_2019
GD,2019-04-24 09:00:00,2019,0,0.5058823529411764,train_rate_baseline,walk_forward_2019
HII,2019-11-07 09:00:00,2019,1,0.5058823529411764,train_rate_baseline,walk_forward_2019
HII,2019-08-01 09:00:00,2019,0,0.5058823529411764,train_rate_baseline,walk_forward_2019
HII,2019-05-02 09:00:00,2019,0,0.5058823529411764,train_rate_baseline,walk_forward_2019
HON,2019-04-18 08:30:00,2019,1,0.5058823529411764,train_rate_baseline,walk_forward_2019
JCI,2019-05-01 08:30:00,2019,1,0.5058823529411764,train_rate_baseline,walk_forward_2019
LDOS,2019-10-29 08:00:00,2019,1,0.5058823529411764,train_rate_baseline,walk_forward_2019
LHX,2019-07-31 08:30:00,2019,1,0.5058823529411764,train_rate_baseline,walk_forward_2019
LHX,2019-05-01 08:30:00,2019,1,0.5058823529411764,train_rate_baseline,walk_forward_2019
MAS,2019-02-07 08:00:00,2019,1,0.5058823529411764,train_rate_baseline,walk_forward_2019
MAS,2019-10-30 08:00:00,2019,1,0.5058823529411764,train_rate_baseline,walk_forward_2019
MAS,2019-07-25 08:00:00,2019,1,0.5058823529411764,train_rate_baseline,walk_forward_2019
NSC,2019-01-24 16:30:00,2019,0,0.5058823529411764,train_rate_baseline,walk_forward_2019
NSC,2019-10-23 08:45:00,2019,0,0.5058823529411764,train_rate_baseline,walk_forward_2019
PWR,2019-08-01 09:00:00,2019,0,0.5058823529411764,train_rate_baseline,walk_forward_2019
ROK,2019-11-12 08:30:00,2019,1,0.5058823529411764,train_rate_baseline,walk_forward_2019
SWK,2019-01-22 08:00:00,2019,0,0.5058823529411764,train_rate_baseline,walk_forward_2019
SWK,2019-07-23 08:00:00,2019,1,0.5058823529411764,train_rate_baseline,walk_forward_2019
UNP,2019-04-18 08:45:00,2019,1,0.5058823529411764,train_rate_baseline,walk_forward_2019
VRSK,2019-02-20 08:30:00,2019,1,0.5058823529411764,train_rate_baseline,walk_forward_2019
VRSK,2019-07-31 08:30:00,2019,1,0.5058823529411764,train_rate_baseline,walk_forward_2019
VRSK,2019-05-01 08:30:00,2019,1,0.5058823529411764,train_rate_baseline,walk_forward_2019
AAL,2019-04-26 08:30:00,2019,1,0.5058823529411764,train_rate_baseline,walk_forward_2019
RHI,2019-01-29 17:00:00,2019,1,0.5058823529411764,train_rate_baseline,walk_forward_2019
RHI,2019-10-23 17:00:00,2019,1,0.5058823529411764,train_rate_baseline,walk_forward_2019
RHI,2019-07-23 17:00:00,2019,1,0.5058823529411764,train_rate_baseline,walk_forward_2019
RHI,2019-04-23 17:00:00,2019,0,0.5058823529411764,train_rate_baseline,walk_forward_2019
RTX,2019-01-31 09:00:00,2019,0,0.5058823529411764,train_rate_baseline,walk_forward_2019
RTX,2019-10-24 09:00:00,2019,1,0.5058823529411764,train_rate_baseline,walk_forward_2019
RTX,2019-07-25 09:00:00,2019,1,0.5058823529411764,train_rate_baseline,walk_forward_2019
RTX,2019-04-25 09:00:00,2019,1,0.5058823529411764,train_rate_baseline,walk_forward_2019
GE,2019-07-31 08:30:00,2019,0,0.5058823529411764,train_rate_baseline,walk_forward_2019
GE,2019-04-30 08:30:00,2019,1,0.5058823529411764,train_rate_baseline,walk_forward_2019
CTAS,2019-12-17 17:00:00,2019,1,0.5117392257675271,market_only_logistic,walk_forward_2019
CTAS,2019-09-25 17:00:00,2019,1,0.4378531831352422,market_only_logistic,walk_forward_2019
FDX,2019-12-17 17:30:00,2019,0,0.4140924154720072,market_only_logistic,walk_forward_2019
FDX,2019-09-17 17:30:00,2019,0,0.40192569493139146,market_only_logistic,walk_forward_2019
ADP,2019-07-31 08:30:00,2019,1,0.5262962873200172,market_only_logistic,walk_forward_2019
ALLE,2019-10-24 08:00:00,2019,1,0.5181948214289809,market_only_logistic,walk_forward_2019
ALLE,2019-07-25 08:00:00,2019,0,0.5097187870077388,market_only_logistic,walk_forward_2019
ALLE,2019-04-26 08:00:00,2019,1,0.4877501922859982,market_only_logistic,walk_forward_2019
BR,2019-08-01 08:30:00,2019,1,0.5507649722585408,market_only_logistic,walk_forward_2019
CAT,2019-10-23 08:30:00,2019,1,0.44621831021056474,market_only_logistic,walk_forward_2019
CPRT,2019-05-23 09:00:00,2019,1,0.5477707401908608,market_only_logistic,walk_forward_2019
CTAS,2019-07-16 17:00:00,2019,1,0.503729849558976,market_only_logistic,walk_forward_2019
CTAS,2019-03-21 17:00:00,2019,0,0.50672775435963,market_only_logistic,walk_forward_2019
EFX,2019-07-25 08:30:00,2019,0,0.47166999566598905,market_only_logistic,walk_forward_2019
EFX,2019-05-10 08:30:00,2019,1,0.5756036744150078,market_only_logistic,walk_forward_2019
EFX,2019-02-21 08:30:00,2019,1,0.5253167929988838,market_only_logistic,walk_forward_2019
FDX,2019-06-26 17:30:00,2019,0,0.42531499771483033,market_only_logistic,walk_forward_2019
FDX,2019-03-19 17:30:00,2019,0,0.47746816750345894,market_only_logistic,walk_forward_2019
FTV,2019-02-07 17:30:00,2019,1,0.47712440779252074,market_only_logistic,walk_forward_2019
FTV,2019-10-24 17:30:00,2019,0,0.4516082583986004,market_only_logistic,walk_forward_2019
GD,2019-04-24 09:00:00,2019,0,0.44925469020733855,market_only_logistic,walk_forward_2019
HII,2019-11-07 09:00:00,2019,1,0.45737979720163224,market_only_logistic,walk_forward_2019
HII,2019-08-01 09:00:00,2019,0,0.5332139610365653,market_only_logistic,walk_forward_2019
HII,2019-05-02 09:00:00,2019,0,0.5010243852322867,market_only_logistic,walk_forward_2019
HON,2019-04-18 08:30:00,2019,1,0.5192390109773436,market_only_logistic,walk_forward_2019
JCI,2019-05-01 08:30:00,2019,1,0.5238995808558853,market_only_logistic,walk_forward_2019
LDOS,2019-10-29 08:00:00,2019,1,0.5288460505906306,market_only_logistic,walk_forward_2019
LHX,2019-07-31 08:30:00,2019,1,0.49939511728707703,market_only_logistic,walk_forward_2019
LHX,2019-05-01 08:30:00,2019,1,0.5175724977762975,market_only_logistic,walk_forward_2019
MAS,2019-02-07 08:00:00,2019,1,0.42928074295020746,market_only_logistic,walk_forward_2019
MAS,2019-10-30 08:00:00,2019,1,0.4638289937163965,market_only_logistic,walk_forward_2019
MAS,2019-07-25 08:00:00,2019,1,0.4748547330298211,market_only_logistic,walk_forward_2019
NSC,2019-01-24 16:30:00,2019,0,0.3388529738743545,market_only_logistic,walk_forward_2019
NSC,2019-10-23 08:45:00,2019,0,0.4530333987434564,market_only_logistic,walk_forward_2019
PWR,2019-08-01 09:00:00,2019,0,0.518842048207905,market_only_logistic,walk_forward_2019
ROK,2019-11-12 08:30:00,2019,1,0.42699505245729075,market_only_logistic,walk_forward_2019
SWK,2019-01-22 08:00:00,2019,0,0.3577035688006545,market_only_logistic,walk_forward_2019
SWK,2019-07-23 08:00:00,2019,1,0.4839502384974149,market_only_logistic,walk_forward_2019
UNP,2019-04-18 08:45:00,2019,1,0.49094401049743963,market_only_logistic,walk_forward_2019
VRSK,2019-02-20 08:30:00,2019,1,0.5042752208857378,market_only_logistic,walk_forward_2019
VRSK,2019-07-31 08:30:00,2019,1,0.5439168472473646,market_only_logistic,walk_forward_2019
VRSK,2019-05-01 08:30:00,2019,1,0.5268453449473822,market_only_logistic,walk_forward_2019
AAL,2019-04-26 08:30:00,2019,1,0.43095437753537374,market_only_logistic,walk_forward_2019
RHI,2019-01-29 17:00:00,2019,1,0.37367259646781337,market_only_logistic,walk_forward_2019
RHI,2019-10-23 17:00:00,2019,1,0.4723942624894158,market_only_logistic,walk_forward_2019
RHI,2019-07-23 17:00:00,2019,1,0.4844216246375623,market_only_logistic,walk_forward_2019
RHI,2019-04-23 17:00:00,2019,0,0.43757866534894646,market_only_logistic,walk_forward_2019
RTX,2019-01-31 09:00:00,2019,0,0.3975048020538356,market_only_logistic,walk_forward_2019
RTX,2019-10-24 09:00:00,2019,1,0.48275686952406516,market_only_logistic,walk_forward_2019
RTX,2019-07-25 09:00:00,2019,1,0.46649138284310715,market_only_logistic,walk_forward_2019
RTX,2019-04-25 09:00:00,2019,1,0.4698741766259168,market_only_logistic,walk_forward_2019
GE,2019-07-31 08:30:00,2019,0,0.44119868913796667,market_only_logistic,walk_forward_2019
GE,2019-04-30 08:30:00,2019,1,0.4230412797206388,market_only_logistic,walk_forward_2019
ADP,2020-07-29 08:30:00,2020,0,0.5230125523012552,train_rate_baseline,walk_forward_2020
ADP,2020-04-29 08:30:00,2020,1,0.5230125523012552,train_rate_baseline,walk_forward_2020
ALLE,2020-10-22 08:00:00,2020,0,0.5230125523012552,train_rate_baseline,walk_forward_2020
ALLE,2020-07-23 08:00:00,2020,0,0.5230125523012552,train_rate_baseline,walk_forward_2020
AME,2020-08-04 08:30:00,2020,1,0.5230125523012552,train_rate_baseline,walk_forward_2020
AME,2020-05-05 08:30:00,2020,1,0.5230125523012552,train_rate_baseline,walk_forward_2020
BR,2020-08-11 08:30:00,2020,1,0.5230125523012552,train_rate_baseline,walk_forward_2020
BR,2020-05-08 08:00:00,2020,0,0.5230125523012552,train_rate_baseline,walk_forward_2020
BR,2020-10-30 08:30:00,2020,0,0.5230125523012552,train_rate_baseline,walk_forward_2020
CARR,2020-10-29 09:00:00,2020,1,0.5230125523012552,train_rate_baseline,walk_forward_2020
CARR,2020-07-30 09:00:00,2020,1,0.5230125523012552,train_rate_baseline,walk_forward_2020
CARR,2020-05-08 08:30:00,2020,1,0.5230125523012552,train_rate_baseline,walk_forward_2020
CAT,2020-10-27 08:30:00,2020,1,0.5230125523012552,train_rate_baseline,walk_forward_2020
CAT,2020-07-31 08:30:00,2020,0,0.5230125523012552,train_rate_baseline,walk_forward_2020
CAT,2020-04-28 08:30:00,2020,0,0.5230125523012552,train_rate_baseline,walk_forward_2020
CMI,2020-11-12 09:00:00,2020,0,0.5230125523012552,train_rate_baseline,walk_forward_2020
CTAS,2020-07-23 00:00:00,2020,1,0.5230125523012552,train_rate_baseline,walk_forward_2020
CTAS,2020-03-19 17:00:00,2020,0,0.5230125523012552,train_rate_baseline,walk_forward_2020
DOV,2020-07-22 09:00:00,2020,1,0.5230125523012552,train_rate_baseline,walk_forward_2020
EFX,2020-10-22 08:30:00,2020,0,0.5230125523012552,train_rate_baseline,walk_forward_2020
EFX,2020-07-23 08:30:00,2020,0,0.5230125523012552,train_rate_baseline,walk_forward_2020
EFX,2020-04-21 08:00:00,2020,1,0.5230125523012552,train_rate_baseline,walk_forward_2020
FDX,2020-07-01 17:00:00,2020,0,0.5230125523012552,train_rate_baseline,walk_forward_2020
FDX,2020-12-17 17:30:00,2020,0,0.5230125523012552,train_rate_baseline,walk_forward_2020
FDX,2020-09-16 17:30:00,2020,1,0.5230125523012552,train_rate_baseline,walk_forward_2020
FTV,2020-05-01 17:30:00,2020,0,0.5230125523012552,train_rate_baseline,walk_forward_2020
GD,2020-10-28 09:00:00,2020,1,0.5230125523012552,train_rate_baseline,walk_forward_2020
GE,2020-04-29 08:00:00,2020,0,0.5230125523012552,train_rate_baseline,walk_forward_2020
GNRC,2020-07-31 09:00:00,2020,1,0.5230125523012552,train_rate_baseline,walk_forward_2020
HII,2020-11-06 09:00:00,2020,1,0.5230125523012552,train_rate_baseline,walk_forward_2020
HII,2020-05-07 09:00:00,2020,0,0.5230125523012552,train_rate_baseline,walk_forward_2020
J,2020-05-07 16:45:00,2020,0,0.5230125523012552,train_rate_baseline,walk_forward_2020
LHX,2020-10-30 08:00:00,2020,1,0.5230125523012552,train_rate_baseline,walk_forward_2020
LHX,2020-07-31 08:30:00,2020,0,0.5230125523012552,train_rate_baseline,walk_forward_2020
LHX,2020-05-05 09:00:00,2020,0,0.5230125523012552,train_rate_baseline,walk_forward_2020
MAS,2020-10-28 08:00:00,2020,1,0.5230125523012552,train_rate_baseline,walk_forward_2020
MAS,2020-07-30 09:00:00,2020,0,0.5230125523012552,train_rate_baseline,walk_forward_2020
MAS,2020-04-29 08:00:00,2020,0,0.5230125523012552,train_rate_baseline,walk_forward_2020
NDSN,2020-02-20 08:30:00,2020,0,0.5230125523012552,train_rate_baseline,walk_forward_2020
NOC,2020-10-22 09:00:00,2020,1,0.5230125523012552,train_rate_baseline,walk_forward_2020
NOC,2020-07-30 09:00:00,2020,1,0.5230125523012552,train_rate_baseline,walk_forward_2020
NOC,2020-04-29 08:00:00,2020,0,0.5230125523012552,train_rate_baseline,walk_forward_2020
NSC,2020-10-28 08:45:00,2020,1,0.5230125523012552,train_rate_baseline,walk_forward_2020
PNR,2020-07-23 09:00:00,2020,1,0.5230125523012552,train_rate_baseline,walk_forward_2020
ROK,2020-07-28 08:30:00,2020,0,0.5230125523012552,train_rate_baseline,walk_forward_2020
ROK,2020-04-28 08:30:00,2020,1,0.5230125523012552,train_rate_baseline,walk_forward_2020
RSG,2020-11-05 17:00:00,2020,1,0.5230125523012552,train_rate_baseline,walk_forward_2020
RTX,2020-10-27 08:30:00,2020,0,0.5230125523012552,train_rate_baseline,walk_forward_2020
RTX,2020-07-28 08:30:00,2020,0,0.5230125523012552,train_rate_baseline,walk_forward_2020
RTX,2020-05-07 08:30:00,2020,0,0.5230125523012552,train_rate_baseline,walk_forward_2020
UBER,2020-08-07 16:30:00,2020,0,0.5230125523012552,train_rate_baseline,walk_forward_2020
UBER,2020-05-07 16:30:00,2020,1,0.5230125523012552,train_rate_baseline,walk_forward_2020
UNP,2020-07-23 08:45:00,2020,0,0.5230125523012552,train_rate_baseline,walk_forward_2020
UPS,2020-07-30 08:30:00,2020,1,0.5230125523012552,train_rate_baseline,walk_forward_2020
VRSK,2020-11-05 08:30:00,2020,0,0.5230125523012552,train_rate_baseline,walk_forward_2020
VRSK,2020-05-06 08:30:00,2020,0,0.5230125523012552,train_rate_baseline,walk_forward_2020
WAB,2020-07-28 08:30:00,2020,0,0.5230125523012552,train_rate_baseline,walk_forward_2020
ALLE,2020-02-18 08:00:00,2020,0,0.5230125523012552,train_rate_baseline,walk_forward_2020
AME,2020-02-05 08:30:00,2020,0,0.5230125523012552,train_rate_baseline,walk_forward_2020
EFX,2020-02-13 08:30:00,2020,1,0.5230125523012552,train_rate_baseline,walk_forward_2020
FTV,2020-02-06 17:30:00,2020,0,0.5230125523012552,train_rate_baseline,walk_forward_2020
HII,2020-02-13 09:00:00,2020,0,0.5230125523012552,train_rate_baseline,walk_forward_2020
LDOS,2020-02-18 08:00:00,2020,1,0.5230125523012552,train_rate_baseline,walk_forward_2020
MAS,2020-02-11 08:00:00,2020,0,0.5230125523012552,train_rate_baseline,walk_forward_2020
NOC,2020-01-30 08:00:00,2020,0,0.5230125523012552,train_rate_baseline,walk_forward_2020
NSC,2020-01-29 08:45:00,2020,1,0.5230125523012552,train_rate_baseline,walk_forward_2020
PWR,2020-02-27 09:00:00,2020,1,0.5230125523012552,train_rate_baseline,walk_forward_2020
TXT,2020-01-29 08:00:00,2020,1,0.5230125523012552,train_rate_baseline,walk_forward_2020
RHI,2020-01-31 17:00:00,2020,0,0.5230125523012552,train_rate_baseline,walk_forward_2020
RHI,2020-10-22 17:00:00,2020,0,0.5230125523012552,train_rate_baseline,walk_forward_2020
RHI,2020-07-23 17:00:00,2020,0,0.5230125523012552,train_rate_baseline,walk_forward_2020
RHI,2020-04-23 17:00:00,2020,1,0.5230125523012552,train_rate_baseline,walk_forward_2020
RTX,2020-01-30 09:00:00,2020,0,0.5230125523012552,train_rate_baseline,walk_forward_2020
GE,2020-01-29 08:00:00,2020,1,0.5230125523012552,train_rate_baseline,walk_forward_2020
ADP,2020-07-29 08:30:00,2020,0,0.496781917141546,market_only_logistic,walk_forward_2020
ADP,2020-04-29 08:30:00,2020,1,0.32362485163858934,market_only_logistic,walk_forward_2020
ALLE,2020-10-22 08:00:00,2020,0,0.4527331065487199,market_only_logistic,walk_forward_2020
ALLE,2020-07-23 08:00:00,2020,0,0.44412766834007933,market_only_logistic,walk_forward_2020
AME,2020-08-04 08:30:00,2020,1,0.46516926105054984,market_only_logistic,walk_forward_2020
AME,2020-05-05 08:30:00,2020,1,0.3118405174327186,market_only_logistic,walk_forward_2020
BR,2020-08-11 08:30:00,2020,1,0.5299747755734318,market_only_logistic,walk_forward_2020
BR,2020-05-08 08:00:00,2020,0,0.46223777859357124,market_only_logistic,walk_forward_2020
BR,2020-10-30 08:30:00,2020,0,0.5697522414033569,market_only_logistic,walk_forward_2020
CARR,2020-10-29 09:00:00,2020,1,0.47902628338333814,market_only_logistic,walk_forward_2020
CARR,2020-07-30 09:00:00,2020,1,0.4321373333696572,market_only_logistic,walk_forward_2020
CARR,2020-05-08 08:30:00,2020,1,0.34537265262709144,market_only_logistic,walk_forward_2020
CAT,2020-10-27 08:30:00,2020,1,0.47740366815581947,market_only_logistic,walk_forward_2020
CAT,2020-07-31 08:30:00,2020,0,0.46709697968376324,market_only_logistic,walk_forward_2020
CAT,2020-04-28 08:30:00,2020,0,0.3002600957641228,market_only_logistic,walk_forward_2020
CMI,2020-11-12 09:00:00,2020,0,0.485109213654254,market_only_logistic,walk_forward_2020
CTAS,2020-07-23 00:00:00,2020,1,0.4372707022049668,market_only_logistic,walk_forward_2020
CTAS,2020-03-19 17:00:00,2020,0,0.41396989310616156,market_only_logistic,walk_forward_2020
DOV,2020-07-22 09:00:00,2020,1,0.44062361904105524,market_only_logistic,walk_forward_2020
EFX,2020-10-22 08:30:00,2020,0,0.5157141682285142,market_only_logistic,walk_forward_2020
EFX,2020-07-23 08:30:00,2020,0,0.5111029042777161,market_only_logistic,walk_forward_2020
EFX,2020-04-21 08:00:00,2020,1,0.23296812707968065,market_only_logistic,walk_forward_2020
FDX,2020-07-01 17:00:00,2020,0,0.29607991398338207,market_only_logistic,walk_forward_2020
FDX,2020-12-17 17:30:00,2020,0,0.515461207251353,market_only_logistic,walk_forward_2020
FDX,2020-09-16 17:30:00,2020,1,0.39251966846885133,market_only_logistic,walk_forward_2020
FTV,2020-05-01 17:30:00,2020,0,0.3053455360075582,market_only_logistic,walk_forward_2020
GD,2020-10-28 09:00:00,2020,1,0.5318808502188439,market_only_logistic,walk_forward_2020
GE,2020-04-29 08:00:00,2020,0,0.2627772338989937,market_only_logistic,walk_forward_2020
GNRC,2020-07-31 09:00:00,2020,1,0.40358583374037005,market_only_logistic,walk_forward_2020
HII,2020-11-06 09:00:00,2020,1,0.47439438477117957,market_only_logistic,walk_forward_2020
HII,2020-05-07 09:00:00,2020,0,0.49334656437478275,market_only_logistic,walk_forward_2020
J,2020-05-07 16:45:00,2020,0,0.44898198304761283,market_only_logistic,walk_forward_2020
LHX,2020-10-30 08:00:00,2020,1,0.6081546382176312,market_only_logistic,walk_forward_2020
LHX,2020-07-31 08:30:00,2020,0,0.48259113665404946,market_only_logistic,walk_forward_2020
LHX,2020-05-05 09:00:00,2020,0,0.39003638012879377,market_only_logistic,walk_forward_2020
MAS,2020-10-28 08:00:00,2020,1,0.5243918153732311,market_only_logistic,walk_forward_2020
MAS,2020-07-30 09:00:00,2020,0,0.4707345859234064,market_only_logistic,walk_forward_2020
MAS,2020-04-29 08:00:00,2020,0,0.3135333986727959,market_only_logistic,walk_forward_2020
NDSN,2020-02-20 08:30:00,2020,0,0.4867123149176442,market_only_logistic,walk_forward_2020
NOC,2020-10-22 09:00:00,2020,1,0.5635116189213184,market_only_logistic,walk_forward_2020
NOC,2020-07-30 09:00:00,2020,1,0.4899225295189845,market_only_logistic,walk_forward_2020
NOC,2020-04-29 08:00:00,2020,0,0.4080737938733551,market_only_logistic,walk_forward_2020
NSC,2020-10-28 08:45:00,2020,1,0.5383559889670112,market_only_logistic,walk_forward_2020
PNR,2020-07-23 09:00:00,2020,1,0.39317008451268687,market_only_logistic,walk_forward_2020
ROK,2020-07-28 08:30:00,2020,0,0.4580666170426275,market_only_logistic,walk_forward_2020
ROK,2020-04-28 08:30:00,2020,1,0.2807354049661004,market_only_logistic,walk_forward_2020
RSG,2020-11-05 17:00:00,2020,1,0.5215096801993895,market_only_logistic,walk_forward_2020
RTX,2020-10-27 08:30:00,2020,0,0.4603427781421356,market_only_logistic,walk_forward_2020
RTX,2020-07-28 08:30:00,2020,0,0.39423044123067963,market_only_logistic,walk_forward_2020
RTX,2020-05-07 08:30:00,2020,0,0.3405783724077812,market_only_logistic,walk_forward_2020
UBER,2020-08-07 16:30:00,2020,0,0.3589635141883419,market_only_logistic,walk_forward_2020
UBER,2020-05-07 16:30:00,2020,1,0.3157145538419487,market_only_logistic,walk_forward_2020
UNP,2020-07-23 08:45:00,2020,0,0.4692328466768479,market_only_logistic,walk_forward_2020
UPS,2020-07-30 08:30:00,2020,1,0.5005989730258661,market_only_logistic,walk_forward_2020
VRSK,2020-11-05 08:30:00,2020,0,0.4741457040845987,market_only_logistic,walk_forward_2020
VRSK,2020-05-06 08:30:00,2020,0,0.4250268552023701,market_only_logistic,walk_forward_2020
WAB,2020-07-28 08:30:00,2020,0,0.4105874183062404,market_only_logistic,walk_forward_2020
ALLE,2020-02-18 08:00:00,2020,0,0.5321379617189116,market_only_logistic,walk_forward_2020
AME,2020-02-05 08:30:00,2020,0,0.5362605923300097,market_only_logistic,walk_forward_2020
EFX,2020-02-13 08:30:00,2020,1,0.5339660542942052,market_only_logistic,walk_forward_2020
FTV,2020-02-06 17:30:00,2020,0,0.49577027887100034,market_only_logistic,walk_forward_2020
HII,2020-02-13 09:00:00,2020,0,0.5367710747486955,market_only_logistic,walk_forward_2020
LDOS,2020-02-18 08:00:00,2020,1,0.5079541750105208,market_only_logistic,walk_forward_2020
MAS,2020-02-11 08:00:00,2020,0,0.46752992257931875,market_only_logistic,walk_forward_2020
NOC,2020-01-30 08:00:00,2020,0,0.5400010058216173,market_only_logistic,walk_forward_2020
NSC,2020-01-29 08:45:00,2020,1,0.4897859570673534,market_only_logistic,walk_forward_2020
PWR,2020-02-27 09:00:00,2020,1,0.5724207680733004,market_only_logistic,walk_forward_2020
TXT,2020-01-29 08:00:00,2020,1,0.4564784148862713,market_only_logistic,walk_forward_2020
RHI,2020-01-31 17:00:00,2020,0,0.5638151998417826,market_only_logistic,walk_forward_2020
RHI,2020-10-22 17:00:00,2020,0,0.430277326164059,market_only_logistic,walk_forward_2020
RHI,2020-07-23 17:00:00,2020,0,0.4549402304029773,market_only_logistic,walk_forward_2020
RHI,2020-04-23 17:00:00,2020,1,0.2457587181457868,market_only_logistic,walk_forward_2020
RTX,2020-01-30 09:00:00,2020,0,0.5395826542357081,market_only_logistic,walk_forward_2020
GE,2020-01-29 08:00:00,2020,1,0.3924060193411072,market_only_logistic,walk_forward_2020
AXON,2021-08-06 18:00:00,2021,0,0.5108695652173914,train_rate_baseline,walk_forward_2021
BLDR,2021-02-26 09:00:00,2021,1,0.5108695652173914,train_rate_baseline,walk_forward_2021
BLDR,2021-08-07 09:00:00,2021,1,0.5108695652173914,train_rate_baseline,walk_forward_2021
BLDR,2021-05-09 09:00:00,2021,0,0.5108695652173914,train_rate_baseline,walk_forward_2021
BR,2021-08-12 08:30:00,2021,1,0.5108695652173914,train_rate_baseline,walk_forward_2021
BR,2021-05-04 08:30:00,2021,1,0.5108695652173914,train_rate_baseline,walk_forward_2021
BR,2021-02-02 08:30:00,2021,0,0.5108695652173914,train_rate_baseline,walk_forward_2021
BR,2021-11-03 00:00:00,2021,0,0.5108695652173914,train_rate_baseline,walk_forward_2021
CARR,2021-02-09 09:00:00,2021,0,0.5108695652173914,train_rate_baseline,walk_forward_2021
CARR,2021-10-28 08:30:00,2021,0,0.5108695652173914,train_rate_baseline,walk_forward_2021
CARR,2021-07-29 09:00:00,2021,1,0.5108695652173914,train_rate_baseline,walk_forward_2021
CARR,2021-04-29 08:50:00,2021,0,0.5108695652173914,train_rate_baseline,walk_forward_2021
CAT,2021-01-29 08:30:00,2021,1,0.5108695652173914,train_rate_baseline,walk_forward_2021
CAT,2021-10-28 08:30:00,2021,1,0.5108695652173914,train_rate_baseline,walk_forward_2021
CAT,2021-04-29 08:30:00,2021,1,0.5108695652173914,train_rate_baseline,walk_forward_2021
CHRW,2021-10-26 17:00:00,2021,0,0.5108695652173914,train_rate_baseline,walk_forward_2021
CHRW,2021-07-28 18:00:00,2021,1,0.5108695652173914,train_rate_baseline,walk_forward_2021
CHRW,2021-04-27 17:00:00,2021,1,0.5108695652173914,train_rate_baseline,walk_forward_2021
EFX,2021-02-11 08:30:00,2021,0,0.5108695652173914,train_rate_baseline,walk_forward_2021
EFX,2021-10-21 08:30:00,2021,0,0.5108695652173914,train_rate_baseline,walk_forward_2021
EFX,2021-04-22 08:30:00,2021,1,0.5108695652173914,train_rate_baseline,walk_forward_2021
FDX,2021-06-24 17:00:00,2021,0,0.5108695652173914,train_rate_baseline,walk_forward_2021
FDX,2021-12-16 17:30:00,2021,1,0.5108695652173914,train_rate_baseline,walk_forward_2021
FDX,2021-09-23 17:30:00,2021,0,0.5108695652173914,train_rate_baseline,walk_forward_2021
FTV,2021-10-28 17:00:00,2021,1,0.5108695652173914,train_rate_baseline,walk_forward_2021
GD,2021-01-27 09:00:00,2021,1,0.5108695652173914,train_rate_baseline,walk_forward_2021
GD,2021-10-27 09:00:00,2021,0,0.5108695652173914,train_rate_baseline,walk_forward_2021
GD,2021-04-28 09:00:00,2021,1,0.5108695652173914,train_rate_baseline,walk_forward_2021
GE,2021-10-26 08:00:00,2021,0,0.5108695652173914,train_rate_baseline,walk_forward_2021
GE,2021-04-27 09:00:00,2021,0,0.5108695652173914,train_rate_baseline,walk_forward_2021
HII,2021-02-11 09:00:00,2021,1,0.5108695652173914,train_rate_baseline,walk_forward_2021
HII,2021-05-06 09:00:00,2021,1,0.5108695652173914,train_rate_baseline,walk_forward_2021
IR,2021-11-04 08:00:00,2021,1,0.5108695652173914,train_rate_baseline,walk_forward_2021
IR,2021-07-29 09:00:00,2021,1,0.5108695652173914,train_rate_baseline,walk_forward_2021
IR,2021-04-29 08:00:00,2021,0,0.5108695652173914,train_rate_baseline,walk_forward_2021
JBHT,2021-04-15 17:00:00,2021,1,0.5108695652173914,train_rate_baseline,walk_forward_2021
JCI,2021-11-05 00:00:00,2021,1,0.5108695652173914,train_rate_baseline,walk_forward_2021
JCI,2021-01-29 07:30:00,2021,1,0.5108695652173914,train_rate_baseline,walk_forward_2021
LHX,2021-08-03 08:30:00,2021,1,0.5108695652173914,train_rate_baseline,walk_forward_2021
MAS,2021-02-09 08:00:00,2021,0,0.5108695652173914,train_rate_baseline,walk_forward_2021
MAS,2021-10-27 08:00:00,2021,1,0.5108695652173914,train_rate_baseline,walk_forward_2021
MAS,2021-04-28 08:00:00,2021,1,0.5108695652173914,train_rate_baseline,walk_forward_2021
NDSN,2021-12-16 08:30:00,2021,0,0.5108695652173914,train_rate_baseline,walk_forward_2021
NDSN,2021-05-25 08:30:00,2021,1,0.5108695652173914,train_rate_baseline,walk_forward_2021
NDSN,2021-02-23 08:30:00,2021,1,0.5108695652173914,train_rate_baseline,walk_forward_2021
NOC,2021-01-28 09:00:00,2021,1,0.5108695652173914,train_rate_baseline,walk_forward_2021
NOC,2021-10-28 09:00:00,2021,0,0.5108695652173914,train_rate_baseline,walk_forward_2021
NOC,2021-07-29 09:00:00,2021,0,0.5108695652173914,train_rate_baseline,walk_forward_2021
NOC,2021-04-29 09:00:00,2021,1,0.5108695652173914,train_rate_baseline,walk_forward_2021
OTIS,2021-10-25 08:30:00,2021,0,0.5108695652173914,train_rate_baseline,walk_forward_2021
OTIS,2021-07-26 08:30:00,2021,1,0.5108695652173914,train_rate_baseline,walk_forward_2021
OTIS,2021-04-26 08:30:00,2021,1,0.5108695652173914,train_rate_baseline,walk_forward_2021
PNR,2021-01-28 09:00:00,2021,0,0.5108695652173914,train_rate_baseline,walk_forward_2021
PWR,2021-08-05 09:00:00,2021,1,0.5108695652173914,train_rate_baseline,walk_forward_2021
ROK,2021-11-02 08:30:00,2021,1,0.5108695652173914,train_rate_baseline,walk_forward_2021
RSG,2021-02-23 17:00:00,2021,1,0.5108695652173914,train_rate_baseline,walk_forward_2021
RTX,2021-01-26 08:30:00,2021,1,0.5108695652173914,train_rate_baseline,walk_forward_2021
RTX,2021-07-27 08:30:00,2021,1,0.5108695652173914,train_rate_baseline,walk_forward_2021
TT,2021-11-03 16:46:13,2021,1,0.5108695652173914,train_rate_baseline,walk_forward_2021
TXT,2021-04-29 08:00:00,2021,1,0.5108695652173914,train_rate_baseline,walk_forward_2021
VRSK,2021-02-24 08:30:00,2021,0,0.5108695652173914,train_rate_baseline,walk_forward_2021
VRSK,2021-08-04 08:30:00,2021,0,0.5108695652173914,train_rate_baseline,walk_forward_2021
RHI,2021-01-28 17:00:00,2021,1,0.5108695652173914,train_rate_baseline,walk_forward_2021
RHI,2021-10-21 17:00:00,2021,1,0.5108695652173914,train_rate_baseline,walk_forward_2021
RHI,2021-07-22 17:00:00,2021,1,0.5108695652173914,train_rate_baseline,walk_forward_2021
RHI,2021-04-21 17:00:00,2021,1,0.5108695652173914,train_rate_baseline,walk_forward_2021
AXON,2021-08-06 18:00:00,2021,0,0.4834881676179585,market_only_logistic,walk_forward_2021
BLDR,2021-02-26 09:00:00,2021,1,0.4808274757539643,market_only_logistic,walk_forward_2021
BLDR,2021-08-07 09:00:00,2021,1,0.38314569975861973,market_only_logistic,walk_forward_2021
BLDR,2021-05-09 09:00:00,2021,0,0.43183333502120475,market_only_logistic,walk_forward_2021
BR,2021-08-12 08:30:00,2021,1,0.5570873884110432,market_only_logistic,walk_forward_2021
BR,2021-05-04 08:30:00,2021,1,0.5255190359486813,market_only_logistic,walk_forward_2021
BR,2021-02-02 08:30:00,2021,0,0.4985584439255382,market_only_logistic,walk_forward_2021
BR,2021-11-03 00:00:00,2021,0,0.5193799425282193,market_only_logistic,walk_forward_2021
CARR,2021-02-09 09:00:00,2021,0,0.45866710235775543,market_only_logistic,walk_forward_2021
CARR,2021-10-28 08:30:00,2021,0,0.44957507162134414,market_only_logistic,walk_forward_2021
CARR,2021-07-29 09:00:00,2021,1,0.5071064618202665,market_only_logistic,walk_forward_2021
CARR,2021-04-29 08:50:00,2021,0,0.493430805301306,market_only_logistic,walk_forward_2021
CAT,2021-01-29 08:30:00,2021,1,0.5382035125306605,market_only_logistic,walk_forward_2021
CAT,2021-10-28 08:30:00,2021,1,0.4646192192393539,market_only_logistic,walk_forward_2021
CAT,2021-04-29 08:30:00,2021,1,0.5364874467699617,market_only_logistic,walk_forward_2021
CHRW,2021-10-26 17:00:00,2021,0,0.5442369238889794,market_only_logistic,walk_forward_2021
CHRW,2021-07-28 18:00:00,2021,1,0.539674372806281,market_only_logistic,walk_forward_2021
CHRW,2021-04-27 17:00:00,2021,1,0.5098718379061891,market_only_logistic,walk_forward_2021
EFX,2021-02-11 08:30:00,2021,0,0.5187663232338999,market_only_logistic,walk_forward_2021
EFX,2021-10-21 08:30:00,2021,0,0.5023746627450549,market_only_logistic,walk_forward_2021
EFX,2021-04-22 08:30:00,2021,1,0.5083130042741096,market_only_logistic,walk_forward_2021
FDX,2021-06-24 17:00:00,2021,0,0.4774599571478129,market_only_logistic,walk_forward_2021
FDX,2021-12-16 17:30:00,2021,1,0.5232602556839961,market_only_logistic,walk_forward_2021
FDX,2021-09-23 17:30:00,2021,0,0.4798390614063983,market_only_logistic,walk_forward_2021
FTV,2021-10-28 17:00:00,2021,1,0.5198750507546611,market_only_logistic,walk_forward_2021
GD,2021-01-27 09:00:00,2021,1,0.5385443834973079,market_only_logistic,walk_forward_2021
GD,2021-10-27 09:00:00,2021,0,0.5330977743011444,market_only_logistic,walk_forward_2021
GD,2021-04-28 09:00:00,2021,1,0.557961426757491,market_only_logistic,walk_forward_2021
GE,2021-10-26 08:00:00,2021,0,0.4696041726470895,market_only_logistic,walk_forward_2021
GE,2021-04-27 09:00:00,2021,0,0.5162403229439232,market_only_logistic,walk_forward_2021
HII,2021-02-11 09:00:00,2021,1,0.5415668756755103,market_only_logistic,walk_forward_2021
HII,2021-05-06 09:00:00,2021,1,0.5807066959511816,market_only_logistic,walk_forward_2021
IR,2021-11-04 08:00:00,2021,1,0.4389993999480377,market_only_logistic,walk_forward_2021
IR,2021-07-29 09:00:00,2021,1,0.47523089704388893,market_only_logistic,walk_forward_2021
IR,2021-04-29 08:00:00,2021,0,0.4956819908857094,market_only_logistic,walk_forward_2021
JBHT,2021-04-15 17:00:00,2021,1,0.529436849934876,market_only_logistic,walk_forward_2021
JCI,2021-11-05 00:00:00,2021,1,0.44393623895100315,market_only_logistic,walk_forward_2021
JCI,2021-01-29 07:30:00,2021,1,0.5391117992097503,market_only_logistic,walk_forward_2021
LHX,2021-08-03 08:30:00,2021,1,0.5830845234786054,market_only_logistic,walk_forward_2021
MAS,2021-02-09 08:00:00,2021,0,0.5366616689918241,market_only_logistic,walk_forward_2021
MAS,2021-10-27 08:00:00,2021,1,0.5385595048853903,market_only_logistic,walk_forward_2021
MAS,2021-04-28 08:00:00,2021,1,0.5420740547627784,market_only_logistic,walk_forward_2021
NDSN,2021-12-16 08:30:00,2021,0,0.5107467942439347,market_only_logistic,walk_forward_2021
NDSN,2021-05-25 08:30:00,2021,1,0.5316628433855447,market_only_logistic,walk_forward_2021
NDSN,2021-02-23 08:30:00,2021,1,0.5209699402387206,market_only_logistic,walk_forward_2021
NOC,2021-01-28 09:00:00,2021,1,0.5746567320604646,market_only_logistic,walk_forward_2021
NOC,2021-10-28 09:00:00,2021,0,0.5644772688077637,market_only_logistic,walk_forward_2021
NOC,2021-07-29 09:00:00,2021,0,0.5991109088684686,market_only_logistic,walk_forward_2021
NOC,2021-04-29 09:00:00,2021,1,0.5969967507521305,market_only_logistic,walk_forward_2021
OTIS,2021-10-25 08:30:00,2021,0,0.5207758232208135,market_only_logistic,walk_forward_2021
OTIS,2021-07-26 08:30:00,2021,1,0.5785136761473051,market_only_logistic,walk_forward_2021
OTIS,2021-04-26 08:30:00,2021,1,0.5649134399890334,market_only_logistic,walk_forward_2021
PNR,2021-01-28 09:00:00,2021,0,0.5631768237451111,market_only_logistic,walk_forward_2021
PWR,2021-08-05 09:00:00,2021,1,0.4884311507283792,market_only_logistic,walk_forward_2021
ROK,2021-11-02 08:30:00,2021,1,0.49187820467214866,market_only_logistic,walk_forward_2021
RSG,2021-02-23 17:00:00,2021,1,0.5418664076735037,market_only_logistic,walk_forward_2021
RTX,2021-01-26 08:30:00,2021,1,0.4630747998346698,market_only_logistic,walk_forward_2021
RTX,2021-07-27 08:30:00,2021,1,0.46034276523137996,market_only_logistic,walk_forward_2021
TT,2021-11-03 16:46:13,2021,1,0.44166716352865204,market_only_logistic,walk_forward_2021
TXT,2021-04-29 08:00:00,2021,1,0.4840960155407636,market_only_logistic,walk_forward_2021
VRSK,2021-02-24 08:30:00,2021,0,0.5345815628718656,market_only_logistic,walk_forward_2021
VRSK,2021-08-04 08:30:00,2021,0,0.583326553922527,market_only_logistic,walk_forward_2021
RHI,2021-01-28 17:00:00,2021,1,0.495099755295781,market_only_logistic,walk_forward_2021
RHI,2021-10-21 17:00:00,2021,1,0.5033049144835055,market_only_logistic,walk_forward_2021
RHI,2021-07-22 17:00:00,2021,1,0.5265549598475219,market_only_logistic,walk_forward_2021
RHI,2021-04-21 17:00:00,2021,1,0.5367280041079477,market_only_logistic,walk_forward_2021
ADP,2022-10-26 08:30:00,2022,1,0.5242718446601942,train_rate_baseline,walk_forward_2022
ALLE,2022-02-15 08:00:00,2022,0,0.5242718446601942,train_rate_baseline,walk_forward_2022
ALLE,2022-10-27 08:00:00,2022,1,0.5242718446601942,train_rate_baseline,walk_forward_2022
ALLE,2022-07-30 08:00:00,2022,0,0.5242718446601942,train_rate_baseline,walk_forward_2022
ALLE,2022-04-26 08:00:00,2022,1,0.5242718446601942,train_rate_baseline,walk_forward_2022
AME,2022-02-03 08:30:00,2022,0,0.5242718446601942,train_rate_baseline,walk_forward_2022
BLDR,2022-03-01 09:00:00,2022,0,0.5242718446601942,train_rate_baseline,walk_forward_2022
BR,2022-08-12 08:30:00,2022,1,0.5242718446601942,train_rate_baseline,walk_forward_2022
BR,2022-11-02 20:30:00,2022,0,0.5242718446601942,train_rate_baseline,walk_forward_2022
CARR,2022-02-08 08:30:00,2022,0,0.5242718446601942,train_rate_baseline,walk_forward_2022
CARR,2022-10-27 07:30:00,2022,1,0.5242718446601942,train_rate_baseline,walk_forward_2022
CARR,2022-07-28 07:30:00,2022,0,0.5242718446601942,train_rate_baseline,walk_forward_2022
CARR,2022-04-28 09:05:00,2022,0,0.5242718446601942,train_rate_baseline,walk_forward_2022
CAT,2022-01-28 08:30:00,2022,0,0.5242718446601942,train_rate_baseline,walk_forward_2022
CAT,2022-10-27 08:30:00,2022,1,0.5242718446601942,train_rate_baseline,walk_forward_2022
CAT,2022-08-02 08:30:00,2022,0,0.5242718446601942,train_rate_baseline,walk_forward_2022
CAT,2022-04-28 08:30:00,2022,1,0.5242718446601942,train_rate_baseline,walk_forward_2022
CHRW,2022-11-02 08:30:00,2022,0,0.5242718446601942,train_rate_baseline,walk_forward_2022
CHRW,2022-07-27 17:00:00,2022,1,0.5242718446601942,train_rate_baseline,walk_forward_2022
CTAS,2022-09-28 17:00:00,2022,1,0.5242718446601942,train_rate_baseline,walk_forward_2022
DOV,2022-07-21 09:00:00,2022,1,0.5242718446601942,train_rate_baseline,walk_forward_2022
EMR,2022-11-02 09:00:00,2022,1,0.5242718446601942,train_rate_baseline,walk_forward_2022
EMR,2022-08-09 09:00:00,2022,0,0.5242718446601942,train_rate_baseline,walk_forward_2022
EMR,2022-05-04 09:00:00,2022,0,0.5242718446601942,train_rate_baseline,walk_forward_2022
FDX,2022-06-23 17:00:00,2022,1,0.5242718446601942,train_rate_baseline,walk_forward_2022
FDX,2022-03-17 17:30:00,2022,0,0.5242718446601942,train_rate_baseline,walk_forward_2022
FDX,2022-12-20 17:30:00,2022,1,0.5242718446601942,train_rate_baseline,walk_forward_2022
FDX,2022-09-22 08:30:00,2022,0,0.5242718446601942,train_rate_baseline,walk_forward_2022
GD,2022-01-26 09:00:00,2022,0,0.5242718446601942,train_rate_baseline,walk_forward_2022
GD,2022-10-26 09:00:00,2022,1,0.5242718446601942,train_rate_baseline,walk_forward_2022
GD,2022-07-27 09:00:00,2022,0,0.5242718446601942,train_rate_baseline,walk_forward_2022
GE,2022-10-25 08:00:00,2022,1,0.5242718446601942,train_rate_baseline,walk_forward_2022
GE,2022-07-26 08:00:00,2022,1,0.5242718446601942,train_rate_baseline,walk_forward_2022
HII,2022-05-05 09:00:00,2022,1,0.5242718446601942,train_rate_baseline,walk_forward_2022
HON,2022-02-03 08:30:00,2022,0,0.5242718446601942,train_rate_baseline,walk_forward_2022
HON,2022-10-27 08:30:00,2022,1,0.5242718446601942,train_rate_baseline,walk_forward_2022
HON,2022-04-29 08:30:00,2022,1,0.5242718446601942,train_rate_baseline,walk_forward_2022
IR,2022-02-24 08:00:00,2022,0,0.5242718446601942,train_rate_baseline,walk_forward_2022
IR,2022-11-03 08:00:00,2022,1,0.5242718446601942,train_rate_baseline,walk_forward_2022
IR,2022-08-04 08:00:00,2022,1,0.5242718446601942,train_rate_baseline,walk_forward_2022
IR,2022-05-05 08:00:00,2022,0,0.5242718446601942,train_rate_baseline,walk_forward_2022
JBHT,2022-10-18 17:00:00,2022,0,0.5242718446601942,train_rate_baseline,walk_forward_2022
JBHT,2022-04-18 17:00:00,2022,1,0.5242718446601942,train_rate_baseline,walk_forward_2022
JCI,2022-05-04 08:30:00,2022,0,0.5242718446601942,train_rate_baseline,walk_forward_2022
JCI,2022-02-02 08:30:00,2022,0,0.5242718446601942,train_rate_baseline,walk_forward_2022
LHX,2022-07-29 08:30:00,2022,1,0.5242718446601942,train_rate_baseline,walk_forward_2022
MAS,2022-02-08 08:00:00,2022,0,0.5242718446601942,train_rate_baseline,walk_forward_2022
MAS,2022-10-26 08:00:00,2022,0,0.5242718446601942,train_rate_baseline,walk_forward_2022
MAS,2022-07-28 08:00:00,2022,0,0.5242718446601942,train_rate_baseline,walk_forward_2022
MAS,2022-04-27 08:00:00,2022,1,0.5242718446601942,train_rate_baseline,walk_forward_2022
MMM,2022-01-25 09:00:00,2022,0,0.5242718446601942,train_rate_baseline,walk_forward_2022
NDSN,2022-04-30 09:00:00,2022,0,0.5242718446601942,train_rate_baseline,walk_forward_2022
NOC,2022-01-27 09:00:00,2022,0,0.5242718446601942,train_rate_baseline,walk_forward_2022
NOC,2022-10-27 09:00:00,2022,1,0.5242718446601942,train_rate_baseline,walk_forward_2022
NOC,2022-07-28 09:00:00,2022,1,0.5242718446601942,train_rate_baseline,walk_forward_2022
NOC,2022-04-28 09:00:00,2022,1,0.5242718446601942,train_rate_baseline,walk_forward_2022
NSC,2022-10-26 08:45:00,2022,1,0.5242718446601942,train_rate_baseline,walk_forward_2022
OTIS,2022-01-31 08:30:00,2022,0,0.5242718446601942,train_rate_baseline,walk_forward_2022
OTIS,2022-07-27 08:30:00,2022,1,0.5242718446601942,train_rate_baseline,walk_forward_2022
OTIS,2022-04-25 08:30:00,2022,1,0.5242718446601942,train_rate_baseline,walk_forward_2022
PH,2022-11-03 09:00:00,2022,1,0.5242718446601942,train_rate_baseline,walk_forward_2022
PNR,2022-10-25 09:00:00,2022,1,0.5242718446601942,train_rate_baseline,walk_forward_2022
PNR,2022-07-26 09:00:00,2022,0,0.5242718446601942,train_rate_baseline,walk_forward_2022
PNR,2022-04-21 09:00:00,2022,1,0.5242718446601942,train_rate_baseline,walk_forward_2022
PWR,2022-11-03 09:00:00,2022,1,0.5242718446601942,train_rate_baseline,walk_forward_2022
PWR,2022-08-04 09:00:00,2022,1,0.5242718446601942,train_rate_baseline,walk_forward_2022
RSG,2022-02-10 17:00:00,2022,0,0.5242718446601942,train_rate_baseline,walk_forward_2022
RSG,2022-10-27 17:00:00,2022,1,0.5242718446601942,train_rate_baseline,walk_forward_2022
RTX,2022-10-25 08:30:00,2022,1,0.5242718446601942,train_rate_baseline,walk_forward_2022
RTX,2022-07-26 08:30:00,2022,0,0.5242718446601942,train_rate_baseline,walk_forward_2022
TXT,2022-10-27 08:00:00,2022,1,0.5242718446601942,train_rate_baseline,walk_forward_2022
TXT,2022-04-28 08:00:00,2022,1,0.5242718446601942,train_rate_baseline,walk_forward_2022
UBER,2022-08-02 08:00:00,2022,1,0.5242718446601942,train_rate_baseline,walk_forward_2022
UNP,2022-10-20 08:45:00,2022,0,0.5242718446601942,train_rate_baseline,walk_forward_2022
UNP,2022-04-21 08:45:00,2022,1,0.5242718446601942,train_rate_baseline,walk_forward_2022
UPS,2022-10-25 08:30:00,2022,0,0.5242718446601942,train_rate_baseline,walk_forward_2022
UPS,2022-07-26 08:30:00,2022,1,0.5242718446601942,train_rate_baseline,walk_forward_2022
WAB,2022-11-01 08:30:00,2022,1,0.5242718446601942,train_rate_baseline,walk_forward_2022
AAL,2022-07-21 08:30:00,2022,0,0.5242718446601942,train_rate_baseline,walk_forward_2022
RHI,2022-01-27 17:00:00,2022,1,0.5242718446601942,train_rate_baseline,walk_forward_2022
RHI,2022-10-20 17:00:00,2022,0,0.5242718446601942,train_rate_baseline,walk_forward_2022
RHI,2022-07-21 17:00:00,2022,0,0.5242718446601942,train_rate_baseline,walk_forward_2022
RHI,2022-04-26 17:00:00,2022,0,0.5242718446601942,train_rate_baseline,walk_forward_2022
ADP,2022-10-26 08:30:00,2022,1,0.4992976111153083,market_only_logistic,walk_forward_2022
ALLE,2022-02-15 08:00:00,2022,0,0.5492378113253165,market_only_logistic,walk_forward_2022
ALLE,2022-10-27 08:00:00,2022,1,0.473539419403815,market_only_logistic,walk_forward_2022
ALLE,2022-07-30 08:00:00,2022,0,0.5131628151123775,market_only_logistic,walk_forward_2022
ALLE,2022-04-26 08:00:00,2022,1,0.5553529050819754,market_only_logistic,walk_forward_2022
AME,2022-02-03 08:30:00,2022,0,0.5475931845261666,market_only_logistic,walk_forward_2022
BLDR,2022-03-01 09:00:00,2022,0,0.40227079047904063,market_only_logistic,walk_forward_2022
BR,2022-08-12 08:30:00,2022,1,0.5387520422792007,market_only_logistic,walk_forward_2022
BR,2022-11-02 20:30:00,2022,0,0.49008501680595346,market_only_logistic,walk_forward_2022
CARR,2022-02-08 08:30:00,2022,0,0.5415827631970812,market_only_logistic,walk_forward_2022
CARR,2022-10-27 07:30:00,2022,1,0.4242773875727191,market_only_logistic,walk_forward_2022
CARR,2022-07-28 07:30:00,2022,0,0.5012274365304956,market_only_logistic,walk_forward_2022
CARR,2022-04-28 09:05:00,2022,0,0.5328008039242007,market_only_logistic,walk_forward_2022
CAT,2022-01-28 08:30:00,2022,0,0.602344799758868,market_only_logistic,walk_forward_2022
CAT,2022-10-27 08:30:00,2022,1,0.5082230458061137,market_only_logistic,walk_forward_2022
CAT,2022-08-02 08:30:00,2022,0,0.4881096262496213,market_only_logistic,walk_forward_2022
CAT,2022-04-28 08:30:00,2022,1,0.6420921029070973,market_only_logistic,walk_forward_2022
CHRW,2022-11-02 08:30:00,2022,0,0.5527607184603319,market_only_logistic,walk_forward_2022
CHRW,2022-07-27 17:00:00,2022,1,0.5637376617874393,market_only_logistic,walk_forward_2022
CTAS,2022-09-28 17:00:00,2022,1,0.5516402887655251,market_only_logistic,walk_forward_2022
DOV,2022-07-21 09:00:00,2022,1,0.5127979565663424,market_only_logistic,walk_forward_2022
EMR,2022-11-02 09:00:00,2022,1,0.5305212349920906,market_only_logistic,walk_forward_2022
EMR,2022-08-09 09:00:00,2022,0,0.5467664915511037,market_only_logistic,walk_forward_2022
EMR,2022-05-04 09:00:00,2022,0,0.5873070483568664,market_only_logistic,walk_forward_2022
FDX,2022-06-23 17:00:00,2022,1,0.47848077680855144,market_only_logistic,walk_forward_2022
FDX,2022-03-17 17:30:00,2022,0,0.4597300218338276,market_only_logistic,walk_forward_2022
FDX,2022-12-20 17:30:00,2022,1,0.5468161884411162,market_only_logistic,walk_forward_2022
FDX,2022-09-22 08:30:00,2022,0,0.395530168696564,market_only_logistic,walk_forward_2022
GD,2022-01-26 09:00:00,2022,0,0.67255557276009,market_only_logistic,walk_forward_2022
GD,2022-10-26 09:00:00,2022,1,0.5269628890982635,market_only_logistic,walk_forward_2022
GD,2022-07-27 09:00:00,2022,0,0.5765248787760547,market_only_logistic,walk_forward_2022
GE,2022-10-25 08:00:00,2022,1,0.4764241454523001,market_only_logistic,walk_forward_2022
GE,2022-07-26 08:00:00,2022,1,0.477675384486539,market_only_logistic,walk_forward_2022
HII,2022-05-05 09:00:00,2022,1,0.661474675681005,market_only_logistic,walk_forward_2022
HON,2022-02-03 08:30:00,2022,0,0.5944834849109377,market_only_logistic,walk_forward_2022
HON,2022-10-27 08:30:00,2022,1,0.534662480575255,market_only_logistic,walk_forward_2022
HON,2022-04-29 08:30:00,2022,1,0.5925329760851156,market_only_logistic,walk_forward_2022
IR,2022-02-24 08:00:00,2022,0,0.517498455962926,market_only_logistic,walk_forward_2022
IR,2022-11-03 08:00:00,2022,1,0.46973121975239984,market_only_logistic,walk_forward_2022
IR,2022-08-04 08:00:00,2022,1,0.46428877891140274,market_only_logistic,walk_forward_2022
IR,2022-05-05 08:00:00,2022,0,0.4795332672760674,market_only_logistic,walk_forward_2022
JBHT,2022-10-18 17:00:00,2022,0,0.5245968100338744,market_only_logistic,walk_forward_2022
JBHT,2022-04-18 17:00:00,2022,1,0.4660077834401379,market_only_logistic,walk_forward_2022
JCI,2022-05-04 08:30:00,2022,0,0.5283102893569833,market_only_logistic,walk_forward_2022
JCI,2022-02-02 08:30:00,2022,0,0.5490693677565012,market_only_logistic,walk_forward_2022
LHX,2022-07-29 08:30:00,2022,1,0.5438330135725864,market_only_logistic,walk_forward_2022
MAS,2022-02-08 08:00:00,2022,0,0.5712637843764181,market_only_logistic,walk_forward_2022
MAS,2022-10-26 08:00:00,2022,0,0.44297721114232547,market_only_logistic,walk_forward_2022
MAS,2022-07-28 08:00:00,2022,0,0.5463081425375143,market_only_logistic,walk_forward_2022
MAS,2022-04-27 08:00:00,2022,1,0.545517933531565,market_only_logistic,walk_forward_2022
MMM,2022-01-25 09:00:00,2022,0,0.6538587206988705,market_only_logistic,walk_forward_2022
NDSN,2022-04-30 09:00:00,2022,0,0.5670075743342484,market_only_logistic,walk_forward_2022
NOC,2022-01-27 09:00:00,2022,0,0.7079708516465353,market_only_logistic,walk_forward_2022
NOC,2022-10-27 09:00:00,2022,1,0.5310911350123677,market_only_logistic,walk_forward_2022
NOC,2022-07-28 09:00:00,2022,1,0.5786877742641707,market_only_logistic,walk_forward_2022
NOC,2022-04-28 09:00:00,2022,1,0.7128819336871324,market_only_logistic,walk_forward_2022
NSC,2022-10-26 08:45:00,2022,1,0.49473394313294494,market_only_logistic,walk_forward_2022
OTIS,2022-01-31 08:30:00,2022,0,0.6024902239216683,market_only_logistic,walk_forward_2022
OTIS,2022-07-27 08:30:00,2022,1,0.5603017672508463,market_only_logistic,walk_forward_2022
OTIS,2022-04-25 08:30:00,2022,1,0.5800180824886595,market_only_logistic,walk_forward_2022
PH,2022-11-03 09:00:00,2022,1,0.5126789308864913,market_only_logistic,walk_forward_2022
PNR,2022-10-25 09:00:00,2022,1,0.49140212159771457,market_only_logistic,walk_forward_2022
PNR,2022-07-26 09:00:00,2022,0,0.5172206075784981,market_only_logistic,walk_forward_2022
PNR,2022-04-21 09:00:00,2022,1,0.4867209023098976,market_only_logistic,walk_forward_2022
PWR,2022-11-03 09:00:00,2022,1,0.492669677885023,market_only_logistic,walk_forward_2022
PWR,2022-08-04 09:00:00,2022,1,0.4574897885975315,market_only_logistic,walk_forward_2022
RSG,2022-02-10 17:00:00,2022,0,0.60840017748165,market_only_logistic,walk_forward_2022
RSG,2022-10-27 17:00:00,2022,1,0.5139926883799386,market_only_logistic,walk_forward_2022
RTX,2022-10-25 08:30:00,2022,1,0.53723880530615,market_only_logistic,walk_forward_2022
RTX,2022-07-26 08:30:00,2022,0,0.535797544925448,market_only_logistic,walk_forward_2022
TXT,2022-10-27 08:00:00,2022,1,0.45478769755808574,market_only_logistic,walk_forward_2022
TXT,2022-04-28 08:00:00,2022,1,0.5571264341329898,market_only_logistic,walk_forward_2022
UBER,2022-08-02 08:00:00,2022,1,0.3154119632931211,market_only_logistic,walk_forward_2022
UNP,2022-10-20 08:45:00,2022,0,0.5377421807818229,market_only_logistic,walk_forward_2022
UNP,2022-04-21 08:45:00,2022,1,0.5744345783913078,market_only_logistic,walk_forward_2022
UPS,2022-10-25 08:30:00,2022,0,0.5145645981283011,market_only_logistic,walk_forward_2022
UPS,2022-07-26 08:30:00,2022,1,0.5437942175646698,market_only_logistic,walk_forward_2022
WAB,2022-11-01 08:30:00,2022,1,0.4877033594740821,market_only_logistic,walk_forward_2022
AAL,2022-07-21 08:30:00,2022,0,0.3223817208568257,market_only_logistic,walk_forward_2022
RHI,2022-01-27 17:00:00,2022,1,0.586047153708734,market_only_logistic,walk_forward_2022
RHI,2022-10-20 17:00:00,2022,0,0.5755281598896455,market_only_logistic,walk_forward_2022
RHI,2022-07-21 17:00:00,2022,0,0.4217446370413244,market_only_logistic,walk_forward_2022
RHI,2022-04-26 17:00:00,2022,0,0.5252797535442335,market_only_logistic,walk_forward_2022
ADP,2023-04-26 08:30:00,2023,1,0.5249643366619116,train_rate_baseline,final_holdout
ALLE,2023-07-26 08:00:00,2023,0,0.5249643366619116,train_rate_baseline,final_holdout
ALLE,2024-07-24 08:00:00,2024,1,0.5249643366619116,train_rate_baseline,final_holdout
ALLE,2024-04-25 08:00:00,2024,0,0.5249643366619116,train_rate_baseline,final_holdout
ALLE,2025-04-24 08:00:00,2025,1,0.5249643366619116,train_rate_baseline,final_holdout
AME,2023-08-01 08:30:00,2023,1,0.5249643366619116,train_rate_baseline,final_holdout
AME,2023-05-02 08:30:00,2023,1,0.5249643366619116,train_rate_baseline,final_holdout
AME,2025-02-04 08:30:00,2025,0,0.5249643366619116,train_rate_baseline,final_holdout
AME,2024-08-01 08:30:00,2024,0,0.5249643366619116,train_rate_baseline,final_holdout
AME,2024-05-02 08:30:00,2024,0,0.5249643366619116,train_rate_baseline,final_holdout
AME,2025-05-01 08:30:00,2025,0,0.5249643366619116,train_rate_baseline,final_holdout
BLDR,2025-02-20 09:00:00,2025,1,0.5249643366619116,train_rate_baseline,final_holdout
BR,2023-08-08 08:30:00,2023,1,0.5249643366619116,train_rate_baseline,final_holdout
BR,2023-05-02 08:30:00,2023,1,0.5249643366619116,train_rate_baseline,final_holdout
BR,2024-02-01 08:30:00,2024,0,0.5249643366619116,train_rate_baseline,final_holdout
BR,2024-11-05 08:30:00,2024,1,0.5249643366619116,train_rate_baseline,final_holdout
CARR,2023-02-07 08:00:00,2023,0,0.5249643366619116,train_rate_baseline,final_holdout
CARR,2024-02-06 07:30:00,2024,0,0.5249643366619116,train_rate_baseline,final_holdout
CARR,2023-10-26 07:30:00,2023,1,0.5249643366619116,train_rate_baseline,final_holdout
CARR,2023-07-27 07:30:00,2023,1,0.5249643366619116,train_rate_baseline,final_holdout
CARR,2025-02-11 07:30:00,2025,0,0.5249643366619116,train_rate_baseline,final_holdout
CARR,2024-10-24 07:30:00,2024,0,0.5249643366619116,train_rate_baseline,final_holdout
CARR,2024-07-25 07:30:00,2024,1,0.5249643366619116,train_rate_baseline,final_holdout
CARR,2024-04-25 07:30:00,2024,1,0.5249643366619116,train_rate_baseline,final_holdout
CARR,2025-05-01 07:30:00,2025,1,0.5249643366619116,train_rate_baseline,final_holdout
CAT,2023-01-31 08:30:00,2023,0,0.5249643366619116,train_rate_baseline,final_holdout
CAT,2024-02-05 08:30:00,2024,0,0.5249643366619116,train_rate_baseline,final_holdout
CAT,2023-10-31 08:30:00,2023,0,0.5249643366619116,train_rate_baseline,final_holdout
CAT,2023-08-01 08:30:00,2023,1,0.5249643366619116,train_rate_baseline,final_holdout
CAT,2025-01-30 08:30:00,2025,0,0.5249643366619116,train_rate_baseline,final_holdout
CAT,2024-10-30 08:30:00,2024,0,0.5249643366619116,train_rate_baseline,final_holdout
CAT,2024-08-06 08:30:00,2024,1,0.5249643366619116,train_rate_baseline,final_holdout
CAT,2024-04-25 08:30:00,2024,0,0.5249643366619116,train_rate_baseline,final_holdout
CAT,2025-04-30 08:30:00,2025,1,0.5249643366619116,train_rate_baseline,final_holdout
CHRW,2023-11-01 17:00:00,2023,0,0.5249643366619116,train_rate_baseline,final_holdout
CHRW,2024-05-01 17:00:00,2024,1,0.5249643366619116,train_rate_baseline,final_holdout
CPRT,2024-09-04 17:30:00,2024,0,0.5249643366619116,train_rate_baseline,final_holdout
CPRT,2024-05-16 17:30:00,2024,0,0.5249643366619116,train_rate_baseline,final_holdout
CPRT,2024-02-22 17:30:00,2024,1,0.5249643366619116,train_rate_baseline,final_holdout
CPRT,2023-11-16 17:30:00,2023,1,0.5249643366619116,train_rate_baseline,final_holdout
CPRT,2025-02-20 17:30:00,2025,0,0.5249643366619116,train_rate_baseline,final_holdout
CPRT,2024-11-21 17:30:00,2024,1,0.5249643366619116,train_rate_baseline,final_holdout
CSX,2023-01-25 16:30:00,2023,0,0.5249643366619116,train_rate_baseline,final_holdout
CSX,2023-07-20 16:30:00,2023,0,0.5249643366619116,train_rate_baseline,final_holdout
CSX,2023-04-20 09:00:00,2023,1,0.5249643366619116,train_rate_baseline,final_holdout
EFX,2025-04-22 08:30:00,2025,1,0.5249643366619116,train_rate_baseline,final_holdout
EMR,2023-08-02 09:00:00,2023,1,0.5249643366619116,train_rate_baseline,final_holdout
EMR,2023-05-03 08:00:00,2023,1,0.5249643366619116,train_rate_baseline,final_holdout
EMR,2024-05-08 09:00:00,2024,1,0.5249643366619116,train_rate_baseline,final_holdout
ETN,2025-01-31 05:00:00,2025,0,0.5249643366619116,train_rate_baseline,final_holdout
FDX,2024-12-19 17:30:00,2024,0,0.5249643366619116,train_rate_baseline,final_holdout
FDX,2024-09-19 17:30:00,2024,0,0.5249643366619116,train_rate_baseline,final_holdout
GD,2023-01-25 09:00:00,2023,0,0.5249643366619116,train_rate_baseline,final_holdout
GD,2023-04-26 16:30:00,2023,0,0.5249643366619116,train_rate_baseline,final_holdout
GD,2024-04-24 09:00:00,2024,0,0.5249643366619116,train_rate_baseline,final_holdout
GE,2023-01-24 08:00:00,2023,1,0.5249643366619116,train_rate_baseline,final_holdout
GE,2024-01-23 07:30:00,2024,0,0.5249643366619116,train_rate_baseline,final_holdout
GE,2023-10-24 07:30:00,2023,1,0.5249643366619116,train_rate_baseline,final_holdout
GE,2023-07-25 07:30:00,2023,1,0.5249643366619116,train_rate_baseline,final_holdout
GE,2023-04-25 08:30:00,2023,1,0.5249643366619116,train_rate_baseline,final_holdout
GE,2025-01-24 07:30:00,2025,1,0.5249643366619116,train_rate_baseline,final_holdout
GE,2024-10-22 07:30:00,2024,0,0.5249643366619116,train_rate_baseline,final_holdout
GE,2024-07-23 07:30:00,2024,1,0.5249643366619116,train_rate_baseline,final_holdout
GE,2024-04-23 07:30:00,2024,1,0.5249643366619116,train_rate_baseline,final_holdout
GE,2025-04-25 07:30:00,2025,1,0.5249643366619116,train_rate_baseline,final_holdout
GEV,2025-01-22 07:30:00,2025,0,0.5249643366619116,train_rate_baseline,final_holdout
GEV,2024-10-23 07:30:00,2024,1,0.5249643366619116,train_rate_baseline,final_holdout
GEV,2024-07-25 07:30:00,2024,1,0.5249643366619116,train_rate_baseline,final_holdout
GEV,2024-04-25 07:30:00,2024,1,0.5249643366619116,train_rate_baseline,final_holdout
GEV,2025-04-23 07:30:00,2025,1,0.5249643366619116,train_rate_baseline,final_holdout
GWW,2025-01-31 05:00:00,2025,0,0.5249643366619116,train_rate_baseline,final_holdout
HII,2024-02-01 09:00:00,2024,1,0.5249643366619116,train_rate_baseline,final_holdout
HII,2023-08-03 09:00:00,2023,1,0.5249643366619116,train_rate_baseline,final_holdout
HII,2025-02-06 09:00:00,2025,0,0.5249643366619116,train_rate_baseline,final_holdout
HII,2024-10-31 09:00:00,2024,0,0.5249643366619116,train_rate_baseline,final_holdout
HII,2024-05-02 09:00:00,2024,0,0.5249643366619116,train_rate_baseline,final_holdout
HON,2024-04-25 09:00:00,2024,1,0.5249643366619116,train_rate_baseline,final_holdout
IEX,2025-05-02 09:00:00,2025,1,0.5249643366619116,train_rate_baseline,final_holdout
IR,2024-08-01 08:00:00,2024,0,0.5249643366619116,train_rate_baseline,final_holdout
IR,2024-05-03 08:00:00,2024,0,0.5249643366619116,train_rate_baseline,final_holdout
JBHT,2023-01-18 09:00:00,2023,1,0.5249643366619116,train_rate_baseline,final_holdout
JBHT,2024-10-15 17:00:00,2024,0,0.5249643366619116,train_rate_baseline,final_holdout
JBHT,2024-04-16 17:00:00,2024,0,0.5249643366619116,train_rate_baseline,final_holdout
JBHT,2025-04-15 17:00:00,2025,0,0.5249643366619116,train_rate_baseline,final_holdout
JCI,2023-12-12 08:30:00,2023,0,0.5249643366619116,train_rate_baseline,final_holdout
JCI,2023-08-02 08:30:00,2023,0,0.5249643366619116,train_rate_baseline,final_holdout
JCI,2023-05-05 08:30:00,2023,1,0.5249643366619116,train_rate_baseline,final_holdout
JCI,2024-07-31 08:30:00,2024,1,0.5249643366619116,train_rate_baseline,final_holdout
JCI,2024-05-01 08:30:00,2024,0,0.5249643366619116,train_rate_baseline,final_holdout
JCI,2025-02-05 08:30:00,2025,1,0.5249643366619116,train_rate_baseline,final_holdout
LDOS,2025-02-11 08:00:00,2025,0,0.5249643366619116,train_rate_baseline,final_holdout
LHX,2024-04-26 08:30:00,2024,1,0.5249643366619116,train_rate_baseline,final_holdout
MAS,2023-02-09 08:00:00,2023,1,0.5249643366619116,train_rate_baseline,final_holdout
MAS,2023-10-26 08:00:00,2023,1,0.5249643366619116,train_rate_baseline,final_holdout
MAS,2023-07-27 08:00:00,2023,0,0.5249643366619116,train_rate_baseline,final_holdout
MAS,2023-04-26 07:45:00,2023,1,0.5249643366619116,train_rate_baseline,final_holdout
MAS,2025-02-11 08:00:00,2025,0,0.5249643366619116,train_rate_baseline,final_holdout
MAS,2024-10-29 08:00:00,2024,1,0.5249643366619116,train_rate_baseline,final_holdout
MAS,2024-07-25 08:00:00,2024,1,0.5249643366619116,train_rate_baseline,final_holdout
MAS,2024-04-24 08:00:00,2024,0,0.5249643366619116,train_rate_baseline,final_holdout
MAS,2025-04-23 08:00:00,2025,0,0.5249643366619116,train_rate_baseline,final_holdout
MMM,2024-01-23 09:00:00,2024,0,0.5249643366619116,train_rate_baseline,final_holdout
MMM,2023-10-24 09:00:00,2023,1,0.5249643366619116,train_rate_baseline,final_holdout
MMM,2023-07-25 09:00:00,2023,1,0.5249643366619116,train_rate_baseline,final_holdout
MMM,2024-10-22 09:00:00,2024,0,0.5249643366619116,train_rate_baseline,final_holdout
NDSN,2023-02-21 08:30:00,2023,0,0.5249643366619116,train_rate_baseline,final_holdout
NOC,2023-01-26 09:00:00,2023,0,0.5249643366619116,train_rate_baseline,final_holdout
NOC,2023-10-26 09:00:00,2023,0,0.5249643366619116,train_rate_baseline,final_holdout
NOC,2023-07-27 09:00:00,2023,0,0.5249643366619116,train_rate_baseline,final_holdout
NOC,2025-01-30 09:00:00,2025,0,0.5249643366619116,train_rate_baseline,final_holdout
NOC,2024-10-24 09:00:00,2024,0,0.5249643366619116,train_rate_baseline,final_holdout
NOC,2024-07-25 09:00:00,2024,1,0.5249643366619116,train_rate_baseline,final_holdout
NSC,2023-01-25 08:45:00,2023,0,0.5249643366619116,train_rate_baseline,final_holdout
NSC,2024-04-24 08:45:00,2024,0,0.5249643366619116,train_rate_baseline,final_holdout
OTIS,2023-02-01 08:30:00,2023,0,0.5249643366619116,train_rate_baseline,final_holdout
OTIS,2024-01-31 08:30:00,2024,1,0.5249643366619116,train_rate_baseline,final_holdout
OTIS,2023-10-25 08:30:00,2023,1,0.5249643366619116,train_rate_baseline,final_holdout
OTIS,2023-07-26 08:30:00,2023,1,0.5249643366619116,train_rate_baseline,final_holdout
OTIS,2025-01-29 08:30:00,2025,0,0.5249643366619116,train_rate_baseline,final_holdout
OTIS,2024-10-30 08:30:00,2024,0,0.5249643366619116,train_rate_baseline,final_holdout
OTIS,2024-07-24 08:30:00,2024,0,0.5249643366619116,train_rate_baseline,final_holdout
OTIS,2024-04-24 08:30:00,2024,0,0.5249643366619116,train_rate_baseline,final_holdout
OTIS,2025-04-23 08:30:00,2025,0,0.5249643366619116,train_rate_baseline,final_holdout
PNR,2023-07-27 09:00:00,2023,1,0.5249643366619116,train_rate_baseline,final_holdout
PNR,2024-10-22 09:00:00,2024,1,0.5249643366619116,train_rate_baseline,final_holdout
PWR,2023-02-23 09:00:00,2023,1,0.5249643366619116,train_rate_baseline,final_holdout
PWR,2023-11-02 09:00:00,2023,1,0.5249643366619116,train_rate_baseline,final_holdout
PWR,2023-05-04 09:00:00,2023,1,0.5249643366619116,train_rate_baseline,final_holdout
PWR,2024-10-31 09:00:00,2024,0,0.5249643366619116,train_rate_baseline,final_holdout
PWR,2024-08-01 09:00:00,2024,0,0.5249643366619116,train_rate_baseline,final_holdout
PWR,2024-05-02 09:00:00,2024,1,0.5249643366619116,train_rate_baseline,final_holdout
ROK,2024-05-07 08:30:00,2024,0,0.5249643366619116,train_rate_baseline,final_holdout
ROL,2023-07-27 08:30:00,2023,0,0.5249643366619116,train_rate_baseline,final_holdout
ROL,2025-02-13 08:30:00,2025,1,0.5249643366619116,train_rate_baseline,final_holdout
ROL,2024-07-25 08:30:00,2024,0,0.5249643366619116,train_rate_baseline,final_holdout
ROL,2024-04-25 08:30:00,2024,1,0.5249643366619116,train_rate_baseline,final_holdout
RSG,2023-02-15 17:00:00,2023,1,0.5249643366619116,train_rate_baseline,final_holdout
RSG,2023-10-26 17:00:00,2023,0,0.5249643366619116,train_rate_baseline,final_holdout
RSG,2025-02-13 17:00:00,2025,1,0.5249643366619116,train_rate_baseline,final_holdout
RSG,2024-07-24 17:00:00,2024,0,0.5249643366619116,train_rate_baseline,final_holdout
RSG,2024-04-30 17:00:00,2024,0,0.5249643366619116,train_rate_baseline,final_holdout
RTX,2024-07-25 08:00:00,2024,1,0.5249643366619116,train_rate_baseline,final_holdout
SWK,2024-05-01 23:00:00,2024,0,0.5249643366619116,train_rate_baseline,final_holdout
TXT,2023-01-25 08:00:00,2023,1,0.5249643366619116,train_rate_baseline,final_holdout
TXT,2023-10-26 08:00:00,2023,1,0.5249643366619116,train_rate_baseline,final_holdout
TXT,2024-04-25 08:00:00,2024,0,0.5249643366619116,train_rate_baseline,final_holdout
UBER,2023-02-08 08:00:00,2023,1,0.5249643366619116,train_rate_baseline,final_holdout
UBER,2024-10-31 08:00:00,2024,0,0.5249643366619116,train_rate_baseline,final_holdout
UBER,2024-05-08 08:00:00,2024,0,0.5249643366619116,train_rate_baseline,final_holdout
UNP,2023-07-26 08:45:00,2023,1,0.5249643366619116,train_rate_baseline,final_holdout
UNP,2025-01-23 08:45:00,2025,1,0.5249643366619116,train_rate_baseline,final_holdout
UNP,2024-10-24 08:45:00,2024,0,0.5249643366619116,train_rate_baseline,final_holdout
UPS,2023-08-08 08:30:00,2023,0,0.5249643366619116,train_rate_baseline,final_holdout
UPS,2024-10-24 08:30:00,2024,1,0.5249643366619116,train_rate_baseline,final_holdout
UPS,2025-04-29 08:30:00,2025,0,0.5249643366619116,train_rate_baseline,final_holdout
URI,2024-04-25 08:30:00,2024,1,0.5249643366619116,train_rate_baseline,final_holdout
VLTO,2023-10-26 00:00:00,2023,0,0.5249643366619116,train_rate_baseline,final_holdout
VLTO,2025-04-30 08:30:00,2025,1,0.5249643366619116,train_rate_baseline,final_holdout
VRSK,2023-03-01 08:30:00,2023,1,0.5249643366619116,train_rate_baseline,final_holdout
VRSK,2025-02-26 08:30:00,2025,1,0.5249643366619116,train_rate_baseline,final_holdout
VRSK,2024-07-31 08:30:00,2024,0,0.5249643366619116,train_rate_baseline,final_holdout
VRSK,2024-05-01 08:30:00,2024,1,0.5249643366619116,train_rate_baseline,final_holdout
VRSK,2025-05-07 08:30:00,2025,0,0.5249643366619116,train_rate_baseline,final_holdout
WAB,2024-02-14 08:30:00,2024,0,0.5249643366619116,train_rate_baseline,final_holdout
WAB,2023-10-25 08:30:00,2023,1,0.5249643366619116,train_rate_baseline,final_holdout
WAB,2023-07-27 08:30:00,2023,1,0.5249643366619116,train_rate_baseline,final_holdout
WAB,2025-02-12 08:30:00,2025,0,0.5249643366619116,train_rate_baseline,final_holdout
WAB,2024-10-23 08:30:00,2024,1,0.5249643366619116,train_rate_baseline,final_holdout
WAB,2024-04-24 08:30:00,2024,1,0.5249643366619116,train_rate_baseline,final_holdout
XYL,2024-02-06 09:00:00,2024,1,0.5249643366619116,train_rate_baseline,final_holdout
XYL,2023-08-02 09:00:00,2023,0,0.5249643366619116,train_rate_baseline,final_holdout
XYL,2024-10-31 09:00:00,2024,0,0.5249643366619116,train_rate_baseline,final_holdout
XYL,2024-07-30 09:00:00,2024,0,0.5249643366619116,train_rate_baseline,final_holdout
XYL,2024-05-02 09:00:00,2024,1,0.5249643366619116,train_rate_baseline,final_holdout
AAL,2023-01-26 08:30:00,2023,1,0.5249643366619116,train_rate_baseline,final_holdout
AAL,2024-04-25 09:15:00,2024,0,0.5249643366619116,train_rate_baseline,final_holdout
RHI,2023-01-27 17:00:00,2023,1,0.5249643366619116,train_rate_baseline,final_holdout
RHI,2024-01-30 17:00:00,2024,0,0.5249643366619116,train_rate_baseline,final_holdout
RHI,2023-10-24 17:00:00,2023,1,0.5249643366619116,train_rate_baseline,final_holdout
RHI,2023-07-25 17:00:00,2023,0,0.5249643366619116,train_rate_baseline,final_holdout
RHI,2023-04-26 17:00:00,2023,0,0.5249643366619116,train_rate_baseline,final_holdout
RHI,2025-01-29 17:00:00,2025,0,0.5249643366619116,train_rate_baseline,final_holdout
RHI,2024-10-22 17:00:00,2024,1,0.5249643366619116,train_rate_baseline,final_holdout
RHI,2024-07-24 17:00:00,2024,0,0.5249643366619116,train_rate_baseline,final_holdout
RHI,2024-04-25 17:00:00,2024,0,0.5249643366619116,train_rate_baseline,final_holdout
ADP,2023-04-26 08:30:00,2023,1,0.5334726751126287,market_only_logistic,final_holdout
ALLE,2023-07-26 08:00:00,2023,0,0.5301492296880879,market_only_logistic,final_holdout
ALLE,2024-07-24 08:00:00,2024,1,0.5523178614469089,market_only_logistic,final_holdout
ALLE,2024-04-25 08:00:00,2024,0,0.5112881737576114,market_only_logistic,final_holdout
ALLE,2025-04-24 08:00:00,2025,1,0.5661179277873121,market_only_logistic,final_holdout
AME,2023-08-01 08:30:00,2023,1,0.5504653248558123,market_only_logistic,final_holdout
AME,2023-05-02 08:30:00,2023,1,0.5239346682080281,market_only_logistic,final_holdout
AME,2025-02-04 08:30:00,2025,0,0.5989569753102594,market_only_logistic,final_holdout
AME,2024-08-01 08:30:00,2024,0,0.58096785453256,market_only_logistic,final_holdout
AME,2024-05-02 08:30:00,2024,0,0.561120483505211,market_only_logistic,final_holdout
AME,2025-05-01 08:30:00,2025,0,0.5008247343628115,market_only_logistic,final_holdout
BLDR,2025-02-20 09:00:00,2025,1,0.46725079751132476,market_only_logistic,final_holdout
BR,2023-08-08 08:30:00,2023,1,0.5892241986019656,market_only_logistic,final_holdout
BR,2023-05-02 08:30:00,2023,1,0.5154067570632082,market_only_logistic,final_holdout
BR,2024-02-01 08:30:00,2024,0,0.5589378583645839,market_only_logistic,final_holdout
BR,2024-11-05 08:30:00,2024,1,0.6020196275389299,market_only_logistic,final_holdout
CARR,2023-02-07 08:00:00,2023,0,0.48974310477095184,market_only_logistic,final_holdout
CARR,2024-02-06 07:30:00,2024,0,0.4558299396217324,market_only_logistic,final_holdout
CARR,2023-10-26 07:30:00,2023,1,0.4100964920615119,market_only_logistic,final_holdout
CARR,2023-07-27 07:30:00,2023,1,0.5617933446406994,market_only_logistic,final_holdout
CARR,2025-02-11 07:30:00,2025,0,0.46337520319114067,market_only_logistic,final_holdout
CARR,2024-10-24 07:30:00,2024,0,0.49219430343519244,market_only_logistic,final_holdout
CARR,2024-07-25 07:30:00,2024,1,0.4768868841684491,market_only_logistic,final_holdout
CARR,2024-04-25 07:30:00,2024,1,0.4604837749686774,market_only_logistic,final_holdout
CARR,2025-05-01 07:30:00,2025,1,0.44900810239039324,market_only_logistic,final_holdout
CAT,2023-01-31 08:30:00,2023,0,0.5587646195181047,market_only_logistic,final_holdout
CAT,2024-02-05 08:30:00,2024,0,0.5064219195347885,market_only_logistic,final_holdout
CAT,2023-10-31 08:30:00,2023,0,0.43669256284875085,market_only_logistic,final_holdout
CAT,2023-08-01 08:30:00,2023,1,0.5156835178520195,market_only_logistic,final_holdout
CAT,2025-01-30 08:30:00,2025,0,0.5167129166055664,market_only_logistic,final_holdout
CAT,2024-10-30 08:30:00,2024,0,0.5149543744672852,market_only_logistic,final_holdout
CAT,2024-08-06 08:30:00,2024,1,0.49919831229818096,market_only_logistic,final_holdout
CAT,2024-04-25 08:30:00,2024,0,0.5083243279352833,market_only_logistic,final_holdout
CAT,2025-04-30 08:30:00,2025,1,0.4159845582037169,market_only_logistic,final_holdout
CHRW,2023-11-01 17:00:00,2023,0,0.5490229124771551,market_only_logistic,final_holdout
CHRW,2024-05-01 17:00:00,2024,1,0.6127796520637979,market_only_logistic,final_holdout
CPRT,2024-09-04 17:30:00,2024,0,0.5908934135038502,market_only_logistic,final_holdout
CPRT,2024-05-16 17:30:00,2024,0,0.5283285703402677,market_only_logistic,final_holdout
CPRT,2024-02-22 17:30:00,2024,1,0.4801581049494822,market_only_logistic,final_holdout
CPRT,2023-11-16 17:30:00,2023,1,0.5154166400435809,market_only_logistic,final_holdout
CPRT,2025-02-20 17:30:00,2025,0,0.5569096480064527,market_only_logistic,final_holdout
CPRT,2024-11-21 17:30:00,2024,1,0.5989420074267132,market_only_logistic,final_holdout
CSX,2023-01-25 16:30:00,2023,0,0.5288125559503684,market_only_logistic,final_holdout
CSX,2023-07-20 16:30:00,2023,0,0.5509603269379343,market_only_logistic,final_holdout
CSX,2023-04-20 09:00:00,2023,1,0.5477022570058502,market_only_logistic,final_holdout
EFX,2025-04-22 08:30:00,2025,1,0.436408692928663,market_only_logistic,final_holdout
EMR,2023-08-02 09:00:00,2023,1,0.5205377013665178,market_only_logistic,final_holdout
EMR,2023-05-03 08:00:00,2023,1,0.5216856485853978,market_only_logistic,final_holdout
EMR,2024-05-08 09:00:00,2024,1,0.5323183159797468,market_only_logistic,final_holdout
ETN,2025-01-31 05:00:00,2025,0,0.36917379020271035,market_only_logistic,final_holdout
FDX,2024-12-19 17:30:00,2024,0,0.5599694861956516,market_only_logistic,final_holdout
FDX,2024-09-19 17:30:00,2024,0,0.5983222241513715,market_only_logistic,final_holdout
GD,2023-01-25 09:00:00,2023,0,0.5645124306609434,market_only_logistic,final_holdout
GD,2023-04-26 16:30:00,2023,0,0.6038589756394616,market_only_logistic,final_holdout
GD,2024-04-24 09:00:00,2024,0,0.6462850641033445,market_only_logistic,final_holdout
GE,2023-01-24 08:00:00,2023,1,0.5969993467913041,market_only_logistic,final_holdout
GE,2024-01-23 07:30:00,2024,0,0.5311027936656768,market_only_logistic,final_holdout
GE,2023-10-24 07:30:00,2023,1,0.5164868141418067,market_only_logistic,final_holdout
GE,2023-07-25 07:30:00,2023,1,0.5943308736632288,market_only_logistic,final_holdout
GE,2023-04-25 08:30:00,2023,1,0.5935251535140688,market_only_logistic,final_holdout
GE,2025-01-24 07:30:00,2025,1,0.5453589189599072,market_only_logistic,final_holdout
GE,2024-10-22 07:30:00,2024,0,0.5012363998537587,market_only_logistic,final_holdout
GE,2024-07-23 07:30:00,2024,1,0.47461860520131377,market_only_logistic,final_holdout
GE,2024-04-23 07:30:00,2024,1,0.5404022266105567,market_only_logistic,final_holdout
GE,2025-04-25 07:30:00,2025,1,0.3931998361879002,market_only_logistic,final_holdout
GEV,2025-01-22 07:30:00,2025,0,0.502379218341928,market_only_logistic,final_holdout
GEV,2024-10-23 07:30:00,2024,1,0.38624481964232016,market_only_logistic,final_holdout
GEV,2024-07-25 07:30:00,2024,1,0.27260762971682595,market_only_logistic,final_holdout
GEV,2024-04-25 07:30:00,2024,1,0.5367359202057082,market_only_logistic,final_holdout
GEV,2025-04-23 07:30:00,2025,1,0.3030197373990576,market_only_logistic,final_holdout
GWW,2025-01-31 05:00:00,2025,0,0.583157924416854,market_only_logistic,final_holdout
HII,2024-02-01 09:00:00,2024,1,0.5628114568612492,market_only_logistic,final_holdout
HII,2023-08-03 09:00:00,2023,1,0.5881908598934827,market_only_logistic,final_holdout
HII,2025-02-06 09:00:00,2025,0,0.5087406531897214,market_only_logistic,final_holdout
HII,2024-10-31 09:00:00,2024,0,0.5901569272440135,market_only_logistic,final_holdout
HII,2024-05-02 09:00:00,2024,0,0.5957590063706324,market_only_logistic,final_holdout
HON,2024-04-25 09:00:00,2024,1,0.5764549751012177,market_only_logistic,final_holdout
IEX,2025-05-02 09:00:00,2025,1,0.4851719076374408,market_only_logistic,final_holdout
IR,2024-08-01 08:00:00,2024,0,0.536758209363513,market_only_logistic,final_holdout
IR,2024-05-03 08:00:00,2024,0,0.5320223658066909,market_only_logistic,final_holdout
JBHT,2023-01-18 09:00:00,2023,1,0.5017022911161285,market_only_logistic,final_holdout
JBHT,2024-10-15 17:00:00,2024,0,0.5605034675726497,market_only_logistic,final_holdout
JBHT,2024-04-16 17:00:00,2024,0,0.4873840750400389,market_only_logistic,final_holdout
JBHT,2025-04-15 17:00:00,2025,0,0.4403372146439197,market_only_logistic,final_holdout
JCI,2023-12-12 08:30:00,2023,0,0.5484392551480796,market_only_logistic,final_holdout
JCI,2023-08-02 08:30:00,2023,0,0.5187756774410681,market_only_logistic,final_holdout
JCI,2023-05-05 08:30:00,2023,1,0.571700117977177,market_only_logistic,final_holdout
JCI,2024-07-31 08:30:00,2024,1,0.5431485519136635,market_only_logistic,final_holdout
JCI,2024-05-01 08:30:00,2024,0,0.5664392951663598,market_only_logistic,final_holdout
JCI,2025-02-05 08:30:00,2025,1,0.4632056599330482,market_only_logistic,final_holdout
LDOS,2025-02-11 08:00:00,2025,0,0.5230955985913552,market_only_logistic,final_holdout
LHX,2024-04-26 08:30:00,2024,1,0.6149381216704474,market_only_logistic,final_holdout
MAS,2023-02-09 08:00:00,2023,1,0.4618257686323428,market_only_logistic,final_holdout
MAS,2023-10-26 08:00:00,2023,1,0.44743185173510297,market_only_logistic,final_holdout
MAS,2023-07-27 08:00:00,2023,0,0.5045513729576874,market_only_logistic,final_holdout
MAS,2023-04-26 07:45:00,2023,1,0.48114415373195035,market_only_logistic,final_holdout
MAS,2025-02-11 08:00:00,2025,0,0.6046371241927477,market_only_logistic,final_holdout
MAS,2024-10-29 08:00:00,2024,1,0.5721317207580497,market_only_logistic,final_holdout
MAS,2024-07-25 08:00:00,2024,1,0.5758681538760576,market_only_logistic,final_holdout
MAS,2024-04-24 08:00:00,2024,0,0.5005472365369054,market_only_logistic,final_holdout
MAS,2025-04-23 08:00:00,2025,0,0.45776226436495165,market_only_logistic,final_holdout
MMM,2024-01-23 09:00:00,2024,0,0.5535812692713422,market_only_logistic,final_holdout
MMM,2023-10-24 09:00:00,2023,1,0.47958636271559435,market_only_logistic,final_holdout
MMM,2023-07-25 09:00:00,2023,1,0.49691089130976657,market_only_logistic,final_holdout
MMM,2024-10-22 09:00:00,2024,0,0.5760207470738207,market_only_logistic,final_holdout
NDSN,2023-02-21 08:30:00,2023,0,0.55037480105356,market_only_logistic,final_holdout
NOC,2023-01-26 09:00:00,2023,0,0.5278006516735468,market_only_logistic,final_holdout
NOC,2023-10-26 09:00:00,2023,0,0.6269657630187729,market_only_logistic,final_holdout
NOC,2023-07-27 09:00:00,2023,0,0.6166771367496977,market_only_logistic,final_holdout
NOC,2025-01-30 09:00:00,2025,0,0.6357584757608493,market_only_logistic,final_holdout
NOC,2024-10-24 09:00:00,2024,0,0.6774443793938401,market_only_logistic,final_holdout
NOC,2024-07-25 09:00:00,2024,1,0.6979989345613312,market_only_logistic,final_holdout
NSC,2023-01-25 08:45:00,2023,0,0.55720966421856,market_only_logistic,final_holdout
NSC,2024-04-24 08:45:00,2024,0,0.5427536361159412,market_only_logistic,final_holdout
OTIS,2023-02-01 08:30:00,2023,0,0.568061830846438,market_only_logistic,final_holdout
OTIS,2024-01-31 08:30:00,2024,1,0.5518502252971366,market_only_logistic,final_holdout
OTIS,2023-10-25 08:30:00,2023,1,0.5380905872015851,market_only_logistic,final_holdout
OTIS,2023-07-26 08:30:00,2023,1,0.5485026402518755,market_only_logistic,final_holdout
OTIS,2025-01-29 08:30:00,2025,0,0.6224490771680846,market_only_logistic,final_holdout
OTIS,2024-10-30 08:30:00,2024,0,0.5773534962849446,market_only_logistic,final_holdout
OTIS,2024-07-24 08:30:00,2024,0,0.572577924771429,market_only_logistic,final_holdout
OTIS,2024-04-24 08:30:00,2024,0,0.5507399318546968,market_only_logistic,final_holdout
OTIS,2025-04-23 08:30:00,2025,0,0.5617769801832068,market_only_logistic,final_holdout
PNR,2023-07-27 09:00:00,2023,1,0.4987329586906736,market_only_logistic,final_holdout
PNR,2024-10-22 09:00:00,2024,1,0.5376595990787347,market_only_logistic,final_holdout
PWR,2023-02-23 09:00:00,2023,1,0.5274203418034574,market_only_logistic,final_holdout
PWR,2023-11-02 09:00:00,2023,1,0.48858969996243007,market_only_logistic,final_holdout
PWR,2023-05-04 09:00:00,2023,1,0.5518926500214364,market_only_logistic,final_holdout
PWR,2024-10-31 09:00:00,2024,0,0.4490179328980075,market_only_logistic,final_holdout
PWR,2024-08-01 09:00:00,2024,0,0.3916656769850665,market_only_logistic,final_holdout
PWR,2024-05-02 09:00:00,2024,1,0.42622328326868436,market_only_logistic,final_holdout
ROK,2024-05-07 08:30:00,2024,0,0.4199099325547573,market_only_logistic,final_holdout
ROL,2023-07-27 08:30:00,2023,0,0.6291849176244251,market_only_logistic,final_holdout
ROL,2025-02-13 08:30:00,2025,1,0.6582275209412256,market_only_logistic,final_holdout
ROL,2024-07-25 08:30:00,2024,0,0.5903695057041313,market_only_logistic,final_holdout
ROL,2024-04-25 08:30:00,2024,1,0.5732513122529356,market_only_logistic,final_holdout
RSG,2023-02-15 17:00:00,2023,1,0.6110892802260643,market_only_logistic,final_holdout
RSG,2023-10-26 17:00:00,2023,0,0.6539040986092751,market_only_logistic,final_holdout
RSG,2025-02-13 17:00:00,2025,1,0.6347262952982186,market_only_logistic,final_holdout
RSG,2024-07-24 17:00:00,2024,0,0.6566707100035714,market_only_logistic,final_holdout
RSG,2024-04-30 17:00:00,2024,0,0.6501438205404422,market_only_logistic,final_holdout
RTX,2024-07-25 08:00:00,2024,1,0.6736099047612845,market_only_logistic,final_holdout
SWK,2024-05-01 23:00:00,2024,0,0.465317376348441,market_only_logistic,final_holdout
TXT,2023-01-25 08:00:00,2023,1,0.5060975395622558,market_only_logistic,final_holdout
TXT,2023-10-26 08:00:00,2023,1,0.5576713123026363,market_only_logistic,final_holdout
TXT,2024-04-25 08:00:00,2024,0,0.5802543754251179,market_only_logistic,final_holdout
UBER,2023-02-08 08:00:00,2023,1,0.5400212097439905,market_only_logistic,final_holdout
UBER,2024-10-31 08:00:00,2024,0,0.48813747790855744,market_only_logistic,final_holdout
UBER,2024-05-08 08:00:00,2024,0,0.3948253246690344,market_only_logistic,final_holdout
UNP,2023-07-26 08:45:00,2023,1,0.5814780361135515,market_only_logistic,final_holdout
UNP,2025-01-23 08:45:00,2025,1,0.6023513534047947,market_only_logistic,final_holdout
UNP,2024-10-24 08:45:00,2024,0,0.6106490297437325,market_only_logistic,final_holdout
UPS,2023-08-08 08:30:00,2023,0,0.5268202594650985,market_only_logistic,final_holdout
UPS,2024-10-24 08:30:00,2024,1,0.600100745900578,market_only_logistic,final_holdout
UPS,2025-04-29 08:30:00,2025,0,0.48013955086999555,market_only_logistic,final_holdout
URI,2024-04-25 08:30:00,2024,1,0.34601665341671983,market_only_logistic,final_holdout
VLTO,2023-10-26 00:00:00,2023,0,0.536149778458985,market_only_logistic,final_holdout
VLTO,2025-04-30 08:30:00,2025,1,0.5181444897453074,market_only_logistic,final_holdout
VRSK,2023-03-01 08:30:00,2023,1,0.5223083724292455,market_only_logistic,final_holdout
VRSK,2025-02-26 08:30:00,2025,1,0.6589295405907308,market_only_logistic,final_holdout
VRSK,2024-07-31 08:30:00,2024,0,0.6309923438771261,market_only_logistic,final_holdout
VRSK,2024-05-01 08:30:00,2024,1,0.5952982483259122,market_only_logistic,final_holdout
VRSK,2025-05-07 08:30:00,2025,0,0.6105260180483256,market_only_logistic,final_holdout
WAB,2024-02-14 08:30:00,2024,0,0.5817140768502134,market_only_logistic,final_holdout
WAB,2023-10-25 08:30:00,2023,1,0.5154167543940604,market_only_logistic,final_holdout
WAB,2023-07-27 08:30:00,2023,1,0.5642568439058523,market_only_logistic,final_holdout
WAB,2025-02-12 08:30:00,2025,0,0.541569164999107,market_only_logistic,final_holdout
WAB,2024-10-23 08:30:00,2024,1,0.5580441254345726,market_only_logistic,final_holdout
WAB,2024-04-24 08:30:00,2024,1,0.5850884725339477,market_only_logistic,final_holdout
XYL,2024-02-06 09:00:00,2024,1,0.5305961880051767,market_only_logistic,final_holdout
XYL,2023-08-02 09:00:00,2023,0,0.5479877974523969,market_only_logistic,final_holdout
XYL,2024-10-31 09:00:00,2024,0,0.5149920203231775,market_only_logistic,final_holdout
XYL,2024-07-30 09:00:00,2024,0,0.5306934814717308,market_only_logistic,final_holdout
XYL,2024-05-02 09:00:00,2024,1,0.5605884478200719,market_only_logistic,final_holdout
AAL,2023-01-26 08:30:00,2023,1,0.5530349567150269,market_only_logistic,final_holdout
AAL,2024-04-25 09:15:00,2024,0,0.39573732642574366,market_only_logistic,final_holdout
RHI,2023-01-27 17:00:00,2023,1,0.5637438395520408,market_only_logistic,final_holdout
RHI,2024-01-30 17:00:00,2024,0,0.5391189650836767,market_only_logistic,final_holdout
RHI,2023-10-24 17:00:00,2023,1,0.5367412463811011,market_only_logistic,final_holdout
RHI,2023-07-25 17:00:00,2023,0,0.5133928101068833,market_only_logistic,final_holdout
RHI,2023-04-26 17:00:00,2023,0,0.45712088460144057,market_only_logistic,final_holdout
RHI,2025-01-29 17:00:00,2025,0,0.49980324786354996,market_only_logistic,final_holdout
RHI,2024-10-22 17:00:00,2024,1,0.5802859591817828,market_only_logistic,final_holdout
RHI,2024-07-24 17:00:00,2024,0,0.5816195994906753,market_only_logistic,final_holdout
RHI,2024-04-25 17:00:00,2024,0,0.47925298896396756,market_only_logistic,final_holdout
