n,positive_rate,accuracy,balanced_accuracy,mcc,log_loss,brier,auc,average_precision,feature_block,model,split,top_bottom_spread,after_cost_spread,top_mean_return,bottom_mean_return,top_hit_rate,top_n,bottom_n,auc_lower_95,auc_upper_95,target
53,0.660377358490566,0.5283018867924528,0.5753968253968254,0.14732666664642455,0.6807755017065571,0.2439410664464695,0.7095238095238096,0.8202407202897524,market_only,logistic,walk_forward_2019,0.04014268325039368,0.03814268325039368,0.030751309066524634,-0.00939137418386905,0.9,10,10,,,market_subtracted
74,0.43243243243243246,0.5675675675675675,0.5372023809523809,0.0830019867593329,0.7066187997497473,0.25545133112426704,0.5022321428571429,0.4944939882771203,market_only,logistic,walk_forward_2020,0.012555655782682529,0.010555655782682529,0.0047319685468552595,-0.00782368723582727,0.5,14,14,,,market_subtracted
66,0.6363636363636364,0.5909090909090909,0.5535714285714286,0.10816713919414002,0.6853392535310796,0.2460719493979116,0.5615079365079365,0.672562549952378,market_only,logistic,walk_forward_2021,-0.008505174980284965,-0.010505174980284965,0.0033031421498013404,0.011808317130086305,0.6153846153846154,13,13,,,market_subtracted
83,0.5301204819277109,0.43373493975903615,0.4222027972027972,-0.16742816513831593,0.7111500403211213,0.2586874041004213,0.4347319347319348,0.5022250750416482,market_only,logistic,walk_forward_2022,-0.04704801861771302,-0.04904801861771302,-0.02141420491132559,0.025633813706387426,0.4375,16,16,,,market_subtracted
53,0.660377358490566,0.5283018867924528,0.5753968253968254,0.14732666664642455,0.6848991894663329,0.24575910820397368,0.6603174603174604,0.8163218361344078,market_only,xgboost,walk_forward_2019,0.03931187417232244,0.037311874172322436,0.031765448917430036,-0.0075464252548923996,0.9,10,10,,,market_subtracted
74,0.43243243243243246,0.527027027027027,0.5126488095238095,0.02567284666036822,0.7028378854383046,0.2542953312214068,0.5301339285714285,0.48287332008362815,market_only,xgboost,walk_forward_2020,0.001969687543525408,-3.0312456474591853e-05,-6.450340841504036e-05,-0.0020341909519404487,0.35714285714285715,14,14,,,market_subtracted
66,0.6363636363636364,0.5151515151515151,0.5208333333333333,0.04010555924498425,0.6976843447635641,0.2520488946679704,0.5436507936507937,0.6945196545682812,market_only,xgboost,walk_forward_2021,-0.017697390917988314,-0.019697390917988312,0.014360726500297464,0.03205811741828578,0.6923076923076923,13,13,,,market_subtracted
83,0.5301204819277109,0.40963855421686746,0.40967365967365965,-0.18033768009803797,0.7893435778237559,0.294835924610161,0.37179487179487175,0.442780534971725,market_only,xgboost,walk_forward_2022,-0.05115036664696155,-0.05315036664696155,-0.02177662139387437,0.02937374525308718,0.3125,16,16,,,market_subtracted
53,0.660377358490566,0.5849056603773585,0.5777777777777777,0.14799641015976975,0.825836139883894,0.2728065528305198,0.5809523809523809,0.6872315200890496,sentence_sentiment,logistic,walk_forward_2019,0.06642449012365982,0.06442449012365982,0.03619522949544129,-0.030229260628218534,0.7,10,10,,,market_subtracted
74,0.43243243243243246,0.6216216216216216,0.6257440476190477,0.249272297902936,0.7274076174123175,0.25000772623423745,0.65625,0.606774505830457,sentence_sentiment,logistic,walk_forward_2020,0.03890498375426086,0.03690498375426086,0.017644381000954886,-0.021260602753305973,0.7142857142857143,14,14,,,market_subtracted
66,0.6363636363636364,0.6060606060606061,0.5386904761904762,0.08685990362153792,0.6490884764915357,0.2293003599790056,0.619047619047619,0.7675569633164017,sentence_sentiment,logistic,walk_forward_2021,0.044461918676958714,0.04246191867695871,0.034321173479284275,-0.010140745197674435,0.8461538461538461,13,13,,,market_subtracted
83,0.5301204819277109,0.5421686746987951,0.5375874125874126,0.07597600046957359,0.729719506148703,0.2650277439204201,0.5372960372960373,0.579790298665369,sentence_sentiment,logistic,walk_forward_2022,0.04590322108986629,0.04390322108986629,0.020872389551120085,-0.025030831538746204,0.625,16,16,,,market_subtracted
53,0.660377358490566,0.5660377358490566,0.5904761904761904,0.17215908936952806,0.6898784596800752,0.24838483144442264,0.6158730158730159,0.7605714864547166,sentence_sentiment,xgboost,walk_forward_2019,0.04823517206719836,0.046235172067198356,0.031242836467541613,-0.016992335599656745,0.7,10,10,,,market_subtracted
74,0.43243243243243246,0.7162162162162162,0.7053571428571428,0.4168062163683311,0.649819091383247,0.22813658692516514,0.6636904761904763,0.5820183529636866,sentence_sentiment,xgboost,walk_forward_2020,0.025071714846335115,0.023071714846335113,-0.0004234967502915924,-0.025495211596626707,0.6428571428571429,14,14,,,market_subtracted
66,0.6363636363636364,0.6060606060606061,0.5565476190476191,0.11838063674131637,0.6476876327706935,0.22749081105878818,0.5942460317460317,0.6897060680232332,sentence_sentiment,xgboost,walk_forward_2021,0.03426383045971816,0.03226383045971816,0.02889556357786533,-0.0053682668818528295,0.7692307692307693,13,13,,,market_subtracted
83,0.5301204819277109,0.5180722891566265,0.5221445221445221,0.04460204496291991,0.7146241678879698,0.2594875584869534,0.5343822843822844,0.5486432954595598,sentence_sentiment,xgboost,walk_forward_2022,0.025883745372981486,0.023883745372981484,0.014396271997220092,-0.011487473375761392,0.5,16,16,,,market_subtracted
53,0.660377358490566,0.4716981132075472,0.4920634920634921,-0.015167191839776335,0.8169249353023957,0.2967087401424667,0.46190476190476193,0.6511025391459808,financial_dictionary,logistic,walk_forward_2019,0.0142378815633045,0.0122378815633045,0.02796042295735297,0.01372254139404847,0.6,10,10,,,market_subtracted
74,0.43243243243243246,0.581081081081081,0.59375,0.18827204144640702,0.6838062824596935,0.2449830298515966,0.6190476190476191,0.5574664344097364,financial_dictionary,logistic,walk_forward_2020,0.034836681675246284,0.03283668167524628,0.014609904740372262,-0.020226776934874024,0.6428571428571429,14,14,,,market_subtracted
66,0.6363636363636364,0.5454545454545454,0.47321428571428575,-0.060133779430295485,0.6688026938415449,0.23844973432517522,0.5436507936507936,0.7164540522436506,financial_dictionary,logistic,walk_forward_2021,0.015368501035969314,0.013368501035969314,0.021966462470753866,0.006597961434784551,0.7692307692307693,13,13,,,market_subtracted
83,0.5301204819277109,0.5180722891566265,0.5119463869463869,0.024365944062622862,0.7196131706963725,0.26258686139255805,0.48484848484848486,0.5408169838912223,financial_dictionary,logistic,walk_forward_2022,0.013491410283412365,0.011491410283412365,0.01493132536873233,0.0014399150853199654,0.5,16,16,,,market_subtracted
53,0.660377358490566,0.5094339622641509,0.5071428571428571,0.013533299049019168,0.7010533584266795,0.2537029160224179,0.5603174603174603,0.7344158811336358,financial_dictionary,xgboost,walk_forward_2019,0.013348617110848476,0.011348617110848476,0.03031794695821121,0.016969329847362734,0.8,10,10,,,market_subtracted
74,0.43243243243243246,0.6486486486486487,0.6421130952380952,0.28422619047619047,0.653702222789698,0.23013624122863657,0.6889880952380952,0.6069115126410938,financial_dictionary,xgboost,walk_forward_2020,0.04911763531754307,0.047117635317543066,0.014361695921118276,-0.03475593939642479,0.6428571428571429,14,14,,,market_subtracted
66,0.6363636363636364,0.5757575757575758,0.5327380952380952,0.0668153104781061,0.7152081234703496,0.25922443924387445,0.4791666666666667,0.6089179716215902,financial_dictionary,xgboost,walk_forward_2021,-7.000308625740173e-05,-0.0020700030862574018,0.003228311082371318,0.0032983141686287196,0.46153846153846156,13,13,,,market_subtracted
83,0.5301204819277109,0.4457831325301205,0.4423076923076923,-0.11585819832352949,0.7275039122955665,0.2664818436876036,0.4539627039627039,0.5117604307897694,financial_dictionary,xgboost,walk_forward_2022,0.002159158088302789,0.00015915808830278908,0.0010966182703394493,-0.0010625398179633398,0.375,16,16,,,market_subtracted
53,0.660377358490566,0.5283018867924528,0.5349206349206349,0.06616279535076038,0.6772050438923647,0.243884995868211,0.6031746031746033,0.7650524351519014,historical_surprise,logistic,walk_forward_2019,0.03243086436695579,0.030430864366955787,0.033451108308853436,0.0010202439418976485,0.8,10,10,,,market_subtracted
74,0.43243243243243246,0.527027027027027,0.5275297619047619,0.0545544725589981,0.6888213020653218,0.24752848027180502,0.6041666666666666,0.5614799966680166,historical_surprise,logistic,walk_forward_2020,0.010547597469772586,0.008547597469772586,-0.010445299473870335,-0.02099289694364292,0.5,14,14,,,market_subtracted
66,0.6363636363636364,0.6818181818181818,0.5892857142857143,0.25031308716087947,0.6466463331484206,0.22731492936888875,0.5972222222222222,0.7017882757769528,historical_surprise,logistic,walk_forward_2021,0.020628390019078492,0.01862839001907849,0.011091148881989376,-0.009537241137089114,0.6923076923076923,13,13,,,market_subtracted
83,0.5301204819277109,0.5180722891566265,0.5148601398601399,0.029842263204545475,0.7137610083554559,0.2595266574799785,0.5168997668997669,0.5794610936122053,historical_surprise,logistic,walk_forward_2022,0.038493931126609045,0.03649393112660904,0.013133796533517332,-0.02536013459309171,0.5,16,16,,,market_subtracted
53,0.660377358490566,0.5849056603773585,0.6047619047619047,0.19877173863915526,0.702965353942413,0.25348690091951276,0.6126984126984127,0.7425142994722963,historical_surprise,xgboost,walk_forward_2019,0.020868969554087458,0.018868969554087456,0.025485695128492015,0.004616725574404556,0.7,10,10,,,market_subtracted
74,0.43243243243243246,0.6081081081081081,0.5915178571428572,0.18836693086015685,0.6686011067282014,0.23726069469498257,0.6250000000000001,0.5735430443504761,historical_surprise,xgboost,walk_forward_2020,0.005681382980512451,0.003681382980512451,0.003754834936675673,-0.0019265480438367777,0.5714285714285714,14,14,,,market_subtracted
66,0.6363636363636364,0.6363636363636364,0.5625,0.14708710135363803,0.6391492496390976,0.224340313690932,0.6190476190476191,0.74638290829498,historical_surprise,xgboost,walk_forward_2021,0.015031654219261444,0.013031654219261444,0.005756434468688302,-0.009275219750573141,0.6923076923076923,13,13,,,market_subtracted
83,0.5301204819277109,0.5060240963855421,0.5064102564102564,0.012798157942441405,0.6950638892638913,0.25048454984706353,0.5734265734265734,0.5708830946873436,historical_surprise,xgboost,walk_forward_2022,0.03699135479057454,0.03499135479057454,0.01915725131282339,-0.017834103477751148,0.5625,16,16,,,market_subtracted
53,0.660377358490566,0.6226415094339622,0.6333333333333333,0.2526215822483578,0.8457351328798337,0.279191754889871,0.6031746031746031,0.7058454707781794,all_features,logistic,walk_forward_2019,0.06642449012365982,0.06442449012365982,0.03619522949544129,-0.030229260628218534,0.7,10,10,,,market_subtracted
74,0.43243243243243246,0.7162162162162162,0.7053571428571428,0.4168062163683311,0.7235344573444751,0.2403337582056153,0.6517857142857144,0.6011533028776217,all_features,logistic,walk_forward_2020,0.02742375552609324,0.025423755526093238,0.018382674853210133,-0.009041080672883107,0.7142857142857143,14,14,,,market_subtracted
66,0.6363636363636364,0.696969696969697,0.6279761904761905,0.3011783503907826,0.6346753904594729,0.22050059982065948,0.6527777777777777,0.7495930877126699,all_features,logistic,walk_forward_2021,0.04740107885384438,0.04540107885384438,0.02527988927843721,-0.022121189575407173,0.7692307692307693,13,13,,,market_subtracted
83,0.5301204819277109,0.5301204819277109,0.5262237762237763,0.052818211140299894,0.7484386567894172,0.27204262007748276,0.5372960372960374,0.5747303675121832,all_features,logistic,walk_forward_2022,0.005239054172483416,0.0032390541724834163,-0.00460021102367285,-0.009839265196156266,0.5,16,16,,,market_subtracted
53,0.660377358490566,0.4528301886792453,0.5047619047619047,0.009523809523809525,0.6993395768906457,0.2528712928305212,0.6333333333333333,0.7703083682322222,all_features,xgboost,walk_forward_2019,0.04576133105088244,0.04376133105088244,0.028768995451225698,-0.016992335599656745,0.7,10,10,,,market_subtracted
74,0.43243243243243246,0.6081081081081081,0.5840773809523809,0.17999473372630634,0.6499553635328744,0.22776243719834738,0.6629464285714285,0.5846752449353381,all_features,xgboost,walk_forward_2020,0.028646626173692093,0.026646626173692095,-0.0006444214884112414,-0.029291047662103335,0.6428571428571429,14,14,,,market_subtracted
66,0.6363636363636364,0.6363636363636364,0.5803571428571428,0.17359126870735342,0.6516877258735867,0.22926150111744806,0.6001984126984127,0.7013666910452228,all_features,xgboost,walk_forward_2021,0.014896646750621696,0.012896646750621696,0.011882898588217347,-0.0030137481624043496,0.6923076923076923,13,13,,,market_subtracted
83,0.5301204819277109,0.5060240963855421,0.5064102564102564,0.012798157942441405,0.7351569878283055,0.26873381657854334,0.4976689976689977,0.5039442168842521,all_features,xgboost,walk_forward_2022,-0.01887854926422245,-0.020878549264222453,-0.01599345459984049,0.002885094664381962,0.375,16,16,,,market_subtracted
276,0.5543478260869565,0.6376811594202898,0.6325522078750199,0.2655563547763212,0.7332409281520622,0.25258854409772935,0.6213401349699772,0.6425672670291174,all_features,logistic,walk_forward_aggregate,0.029400116346793854,0.027400116346793853,0.015259344345145141,-0.014140772001648714,0.6363636363636364,55,55,0.562827369283896,0.6748879621541183,market_subtracted
276,0.5543478260869565,0.5543478260869565,0.5581858759764069,0.11587713251849678,0.685475052079866,0.24526364029878983,0.6083745151177001,0.6236955789396585,all_features,xgboost,walk_forward_aggregate,0.024883473449666994,0.022883473449666993,0.006393735208111837,-0.018489738241555156,0.6181818181818182,55,55,0.5480109313978668,0.6611085279885637,market_subtracted
276,0.5543478260869565,0.532608695652174,0.5218396301610075,0.044342804788503165,0.7165491211390768,0.25864746158555346,0.5333439608905893,0.5982331107211836,financial_dictionary,logistic,walk_forward_aggregate,0.03461828932186434,0.032618289321864335,0.024049821274653927,-0.010568468047210408,0.6545454545454545,55,55,0.46541207747795016,0.6051272535776452,market_subtracted
276,0.5543478260869565,0.5434782608695652,0.5396142196716085,0.07901042131624238,0.6996969324370534,0.2525476174502683,0.5527392528827249,0.5824697321395746,financial_dictionary,xgboost,walk_forward_aggregate,0.02296170425384532,0.020961704253845317,0.013432593691807798,-0.009529110562037521,0.6,55,55,0.49259279732951833,0.6140214105364459,market_subtracted
276,0.5543478260869565,0.5615942028985508,0.5511716881874701,0.10389810465043442,0.684005309276912,0.24560329793591898,0.5832403422073438,0.6354306075912366,historical_surprise,logistic,walk_forward_aggregate,0.03229612727416242,0.03029612727416242,0.01983865117476821,-0.012457476099394217,0.6727272727272727,55,55,0.5166098398329564,0.6434524829656404,market_subtracted
276,0.5543478260869565,0.5797101449275363,0.5778734257930815,0.15502362869581046,0.6761152135576747,0.24126367933721257,0.6219246506190552,0.645290621950136,historical_surprise,xgboost,walk_forward_aggregate,0.0311251013366362,0.0291251013366362,0.018454043887774493,-0.012671057448861708,0.6545454545454545,55,55,0.5595289784917175,0.6852397926649901,market_subtracted
276,0.5543478260869565,0.5253623188405797,0.5248684839789575,0.04944747340868427,0.6979302059841779,0.25197129791831807,0.5431213135660768,0.5729160463006533,market_only,logistic,walk_forward_aggregate,0.0021976491150235136,0.00019764911502351355,-0.001279892695701362,-0.0034775418107248755,0.5454545454545454,55,55,0.4788039828524141,0.6055449393492871,market_subtracted
276,0.5543478260869565,0.4891304347826087,0.49537701259365535,-0.009253599548810595,0.7241751604272361,0.26431049288378305,0.5137626866464743,0.5466101704152028,market_only,xgboost,walk_forward_aggregate,0.00010335524242850768,-0.0018966447575714924,0.0032867278323557496,0.003183372589927242,0.5272727272727272,55,55,0.4411840665203341,0.5722895076538199,market_subtracted
276,0.5543478260869565,0.5869565217391305,0.5772357723577235,0.15658252754609014,0.7282754984099332,0.2539508896571027,0.6051331101546309,0.6400346836479114,sentence_sentiment,logistic,walk_forward_aggregate,0.0407859368168077,0.0387859368168077,0.026715055655186726,-0.014070881161620977,0.6909090909090909,55,55,0.5441837088178074,0.6597981040995747,market_subtracted
276,0.5543478260869565,0.6014492753623188,0.6038578032839153,0.20653371585609054,0.6764904377643897,0.24129842167867305,0.6152292895477974,0.6316925883503177,sentence_sentiment,xgboost,walk_forward_aggregate,0.03333901866233466,0.031339018662334656,0.02102209729069024,-0.012316921371644416,0.6727272727272727,55,55,0.5565555095277548,0.6699586419185312,market_subtracted
183,0.48633879781420764,0.45901639344262296,0.46593354052115704,-0.07908063090619531,0.7172962372168071,0.26164707389238584,0.47298589529046137,0.48292300164916013,market_only,logistic,final_holdout,-0.02132806865767558,-0.02332806865767558,-0.0017171909461004295,0.01961087771157515,0.4444444444444444,36,36,0.39641283636519165,0.5554124115267948,market_subtracted
183,0.48633879781420764,0.41530054644808745,0.42069089170451823,-0.17291221063744922,0.753612056556728,0.2786583257451995,0.40210375328711445,0.42535059654707674,market_only,xgboost,final_holdout,-0.02376290008764254,-0.025762900087642537,-0.009177219280520517,0.014585680807122022,0.3611111111111111,36,36,0.32799106198913786,0.47733391324895674,market_subtracted
183,0.48633879781420764,0.5573770491803278,0.5628735357398996,0.13707885877211498,0.7250295874845177,0.2594514463820031,0.6263447286636386,0.6132557735813997,sentence_sentiment,logistic,final_holdout,0.029368230022256442,0.02736823002225644,0.01926336875372093,-0.010104861268535511,0.6666666666666666,36,36,0.5316099803363735,0.7180136896757806,market_subtracted
183,0.48633879781420764,0.5792349726775956,0.582655988524982,0.17048504122943703,0.6847017168175852,0.24537766891578897,0.6104470475735118,0.5965701489016524,sentence_sentiment,xgboost,final_holdout,0.04220075761623983,0.04020075761623983,0.010066387625505848,-0.032134369990733984,0.6111111111111112,36,36,0.521804077314948,0.6911835962776939,market_subtracted
183,0.48633879781420764,0.5628415300546448,0.5702844848195074,0.16707604651291572,0.6973683204327187,0.2508914622026109,0.6123595505617978,0.5809915701874463,financial_dictionary,logistic,final_holdout,0.02677071086748445,0.024770710867484447,0.007247363702851466,-0.019523347164632984,0.6111111111111112,36,36,0.523255877005877,0.6875275515716961,market_subtracted
183,0.48633879781420764,0.5245901639344263,0.5315562993067177,0.07325363704994933,0.7026992904846548,0.254252440907636,0.5547453980396845,0.5333315358575418,financial_dictionary,xgboost,final_holdout,0.016276882570599546,0.014276882570599546,-0.004124570670013075,-0.02040145324061262,0.5,36,36,0.46336244665278425,0.6274172487750678,market_subtracted
183,0.48633879781420764,0.5956284153005464,0.598314606741573,0.20025246159134083,0.6845620102401997,0.2440559732664832,0.6143915849868515,0.5734710324227462,historical_surprise,logistic,final_holdout,0.04157197075215176,0.039571970752151756,0.010179689739468261,-0.031392281012683494,0.5833333333333334,36,36,0.5317074566645014,0.6932784842443104,market_subtracted
183,0.48633879781420764,0.5409836065573771,0.5439278030121922,0.08988778346976538,0.695956417536066,0.25058766212224853,0.5745876165431509,0.5246718399981909,historical_surprise,xgboost,final_holdout,0.03426192927957187,0.03226192927957187,0.0030927507687308915,-0.031169178510840976,0.5555555555555556,36,36,0.4896463033915141,0.6616625615763546,market_subtracted
183,0.48633879781420764,0.5573770491803278,0.5625747071479799,0.13507191312961922,0.7544543292427404,0.26957204207366314,0.6115228305044227,0.5980006285926361,all_features,logistic,final_holdout,0.022394507537200844,0.020394507537200846,0.0173761577462368,-0.005018349790964042,0.6111111111111112,36,36,0.5103613043737584,0.7073221008773717,market_subtracted
183,0.48633879781420764,0.546448087431694,0.5504422663160411,0.10536244363874489,0.7012926598820018,0.2531244205569288,0.5770977767152762,0.5612844507589929,all_features,xgboost,final_holdout,0.03730578087045307,0.035305780870453066,0.0031566087437492514,-0.03414917212670381,0.5555555555555556,36,36,0.48797558880247127,0.6661268673650375,market_subtracted
53,0.6226415094339622,0.3584905660377358,0.4257575757575757,-0.17747333896177359,0.7095240760523602,0.25818065244103405,0.5151515151515151,0.626161996976727,market_only,logistic,walk_forward_2019,-0.0014859109330431991,-0.003485910933043199,0.0067868726329681885,0.008272783566011388,0.5,10,10,,,beta_adjusted
73,0.410958904109589,0.5753424657534246,0.5337209302325582,0.07562244541117406,0.6975372046448025,0.2519654389774423,0.4751937984496124,0.44484578298035216,market_only,logistic,walk_forward_2020,0.014754587837642306,0.012754587837642306,0.01948366408957017,0.004729076251927862,0.5,14,14,,,beta_adjusted
66,0.6212121212121212,0.3787878787878788,0.4765853658536585,-0.07901836773196717,0.7034899242930504,0.25516645162114804,0.504390243902439,0.6259462513200851,market_only,logistic,walk_forward_2021,-0.02424477746625124,-0.026244777466251243,-0.004548086163194761,0.01969669130305648,0.46153846153846156,13,13,,,beta_adjusted
83,0.5421686746987951,0.3855421686746988,0.39649122807017545,-0.21468744361099407,0.7067177797885258,0.25676442893723245,0.4456140350877193,0.5349391348072752,market_only,logistic,walk_forward_2022,-0.019737405732697166,-0.021737405732697168,-0.014320669086123866,0.005416736646573302,0.4375,16,16,,,beta_adjusted
53,0.6226415094339622,0.5660377358490566,0.6121212121212122,0.22951943856495616,0.6854418145238389,0.24627486451177635,0.6060606060606061,0.7423220172176612,market_only,xgboost,walk_forward_2019,0.021053682428034966,0.019053682428034964,0.02313728910793897,0.0020836066799040038,0.8,10,10,,,beta_adjusted
73,0.410958904109589,0.5616438356164384,0.5472868217054263,0.09457364341085271,0.6970771238185562,0.25144565873251395,0.5275193798449612,0.4787517680228751,market_only,xgboost,walk_forward_2020,-0.010421997197691726,-0.012421997197691726,-0.010420167892773374,1.8293049183532823e-06,0.42857142857142855,14,14,,,beta_adjusted
66,0.6212121212121212,0.4696969696969697,0.4795121951219512,-0.03991861639585407,0.7234477296752955,0.26484428029310864,0.4585365853658536,0.6231257113042517,market_only,xgboost,walk_forward_2021,-0.01240295151819664,-0.01440295151819664,0.009037430215271647,0.021440381733468288,0.6153846153846154,13,13,,,beta_adjusted
83,0.5421686746987951,0.43373493975903615,0.44707602339181285,-0.1115373082191858,0.7541994979754864,0.2794646968667428,0.41461988304093567,0.47436616936865483,market_only,xgboost,walk_forward_2022,-0.02419133806268109,-0.02619133806268109,-0.017768525398658763,0.006422812664022327,0.375,16,16,,,beta_adjusted
53,0.6226415094339622,0.5660377358490566,0.5924242424242424,0.18184261810373242,0.7950743521326199,0.2782613413463751,0.5893939393939394,0.6800798184774535,sentence_sentiment,logistic,walk_forward_2019,0.04978992379527397,0.04778992379527397,0.020772536100039433,-0.029017387695234535,0.7,10,10,,,beta_adjusted
73,0.410958904109589,0.6164383561643836,0.613953488372093,0.22479192853242377,0.7220872156826648,0.2562351225088815,0.610077519379845,0.5347828145299806,sentence_sentiment,logistic,walk_forward_2020,0.016828997099643323,0.014828997099643323,0.005914506536777408,-0.010914490562865916,0.5714285714285714,14,14,,,beta_adjusted
66,0.6212121212121212,0.5757575757575758,0.5492682926829269,0.09853658536585366,0.6624317970560812,0.2358006844365762,0.6165853658536585,0.7552952765027849,sentence_sentiment,logistic,walk_forward_2021,0.03733323314928912,0.03533323314928912,0.029296311878029693,-0.008036921271259432,0.8461538461538461,13,13,,,beta_adjusted
83,0.5421686746987951,0.5301204819277109,0.5298245614035088,0.059440922790261544,0.7379406869683053,0.26922554909609786,0.5210526315789474,0.5799009946014893,sentence_sentiment,logistic,walk_forward_2022,0.014833581003140852,0.012833581003140852,0.012810608433662812,-0.0020229725694780407,0.5625,16,16,,,beta_adjusted
53,0.6226415094339622,0.4528301886792453,0.4818181818181818,-0.03636363636363636,0.729425695626758,0.26717621223460447,0.5666666666666667,0.7125483785607648,sentence_sentiment,xgboost,walk_forward_2019,0.05571150548536517,0.05371150548536517,0.034248200960178436,-0.021463304525186737,0.8,10,10,,,beta_adjusted
73,0.410958904109589,0.6027397260273972,0.5720930232558139,0.15271059486368266,0.6732484121468489,0.2394091514145889,0.6124031007751939,0.5019577578091501,sentence_sentiment,xgboost,walk_forward_2020,0.009593418387687411,0.007593418387687411,-0.008251047906616365,-0.017844466294303776,0.5,14,14,,,beta_adjusted
66,0.6212121212121212,0.5,0.44926829268292684,-0.10709704620795439,0.6841504418907118,0.24549598289161179,0.5551219512195122,0.6745946570954933,sentence_sentiment,xgboost,walk_forward_2021,0.03591999773186083,0.03391999773186083,0.030409450470813157,-0.005510547261047671,0.7692307692307693,13,13,,,beta_adjusted
83,0.5421686746987951,0.4939759036144578,0.5046783625730994,0.009636945628884843,0.7223176703990483,0.263801829596818,0.4964912280701754,0.5617740756895376,sentence_sentiment,xgboost,walk_forward_2022,0.01881061687992822,0.01681061687992822,0.01675060691756774,-0.00206000996236048,0.5625,16,16,,,beta_adjusted
53,0.6226415094339622,0.41509433962264153,0.45151515151515154,-0.09925164910917023,0.8133423284368133,0.29869979585457984,0.4636363636363636,0.625257396692736,financial_dictionary,logistic,walk_forward_2019,0.022704328759703775,0.020704328759703773,0.022744867193651895,4.053843394812018e-05,0.6,10,10,,,beta_adjusted
73,0.410958904109589,0.6301369863013698,0.6205426356589148,0.23997170752950747,0.6608746741973396,0.23459477608775733,0.624031007751938,0.5496402131068467,financial_dictionary,logistic,walk_forward_2020,0.02801897210956247,0.02601897210956247,0.01358282133881325,-0.01443615077074922,0.7142857142857143,14,14,,,beta_adjusted
66,0.6212121212121212,0.5151515151515151,0.4926829268292683,-0.014438269394140333,0.6743003158965818,0.24104824386626714,0.5853658536585366,0.7502529011541795,financial_dictionary,logistic,walk_forward_2021,0.039855538960171,0.037855538960171,0.04569655169422711,0.005841012734056106,0.9230769230769231,13,13,,,beta_adjusted
83,0.5421686746987951,0.4578313253012048,0.45906432748538006,-0.08163299999648728,0.7161212877299784,0.2609262751833639,0.4976608187134503,0.5713936671791308,financial_dictionary,logistic,walk_forward_2022,0.031919203594745024,0.029919203594745022,0.01908757169874983,-0.012831631895995198,0.6875,16,16,,,beta_adjusted
53,0.6226415094339622,0.49056603773584906,0.5318181818181817,0.06513389472789297,0.73170496715946,0.2672813993444188,0.5590909090909091,0.7170210574309126,financial_dictionary,xgboost,walk_forward_2019,0.05463899140429463,0.05263899140429463,0.03679327520473361,-0.017845716199561018,0.9,10,10,,,beta_adjusted
73,0.410958904109589,0.6438356164383562,0.6170542635658915,0.2451932030000988,0.6361244979994577,0.22179520547858506,0.7085271317829457,0.5973142200430537,financial_dictionary,xgboost,walk_forward_2020,0.04783957202518319,0.04583957202518319,0.017384220380641264,-0.03045535164454193,0.6428571428571429,14,14,,,beta_adjusted
66,0.6212121212121212,0.5454545454545454,0.5326829268292683,0.06388707560806167,0.7214527770991013,0.2629533030529508,0.5014634146341463,0.6112544112310514,financial_dictionary,xgboost,walk_forward_2021,0.0015308315469014806,-0.0004691684530985195,0.010609864672987582,0.009079033126086102,0.6153846153846154,13,13,,,beta_adjusted
83,0.5421686746987951,0.46987951807228917,0.47631578947368425,-0.04778948196482324,0.7313647361001449,0.26842699112153917,0.46842105263157896,0.5641744385762288,financial_dictionary,xgboost,walk_forward_2022,0.007093047707791139,0.005093047707791139,0.007577270254408554,0.0004842225466174148,0.5,16,16,,,beta_adjusted
53,0.6226415094339622,0.5094339622641509,0.5272727272727272,0.05334650693692644,0.6889726438201463,0.249472325914255,0.5833333333333334,0.7174557096955004,historical_surprise,logistic,walk_forward_2019,0.02620809842900263,0.02420809842900263,0.027068106783174443,0.0008600083541718123,0.7,10,10,,,beta_adjusted
73,0.410958904109589,0.5205479452054794,0.5073643410852713,0.014660650942317176,0.7165030834482431,0.25918192044378907,0.5682170542635658,0.46460961868524914,historical_surprise,logistic,walk_forward_2020,-0.004353273830261437,-0.006353273830261437,-0.01698676097426641,-0.012633487144004973,0.35714285714285715,14,14,,,beta_adjusted
66,0.6212121212121212,0.5606060606060606,0.4902439024390244,-0.023152738856064555,0.6515416495472152,0.23026163621670576,0.6039024390243902,0.7224991123674593,historical_surprise,logistic,walk_forward_2021,0.013228048760502521,0.011228048760502521,0.02064905643749919,0.007421007676996668,0.7692307692307693,13,13,,,beta_adjusted
83,0.5421686746987951,0.5060240963855421,0.5116959064327485,0.023515908234271396,0.7324661952210317,0.26845227110796976,0.47076023391812866,0.5436998490919029,historical_surprise,logistic,walk_forward_2022,0.01977207191369034,0.01777207191369034,0.010973115378385787,-0.008798956535304554,0.4375,16,16,,,beta_adjusted
53,0.6226415094339622,0.5471698113207547,0.5674242424242424,0.1318844199274015,0.7251756617507913,0.2643282547884918,0.5803030303030303,0.6954492563933379,historical_surprise,xgboost,walk_forward_2019,0.029281198826168683,0.02728119882616868,0.02630744101953971,-0.002973757806628971,0.7,10,10,,,beta_adjusted
73,0.410958904109589,0.5753424657534246,0.5538759689922481,0.10981436312113849,0.6859291445205272,0.245814889258854,0.5813953488372093,0.49319793190669664,historical_surprise,xgboost,walk_forward_2020,0.002749599920527361,0.000749599920527361,-0.015814215005611563,-0.018563814926138924,0.42857142857142855,14,14,,,beta_adjusted
66,0.6212121212121212,0.5757575757575758,0.5258536585365854,0.05539725015387927,0.6614775208161247,0.23533977864881733,0.5853658536585366,0.7203608435144894,historical_surprise,xgboost,walk_forward_2021,-0.014759726328396758,-0.016759726328396757,-0.004013533824145922,0.010746192504250835,0.6153846153846154,13,13,,,beta_adjusted
83,0.5421686746987951,0.5060240963855421,0.5137426900584795,0.027845967005109114,0.7189183373151071,0.26197109772315796,0.5304093567251462,0.5567004999365146,historical_surprise,xgboost,walk_forward_2022,0.035947690977553015,0.03394769097755301,0.01526856824789133,-0.020679122729661686,0.5625,16,16,,,beta_adjusted
53,0.6226415094339622,0.5471698113207547,0.5969696969696969,0.2014013098798296,0.8392369629071189,0.292724286953193,0.593939393939394,0.6766709756760149,all_features,logistic,walk_forward_2019,0.05227939903877957,0.050279399038779565,0.02077253610003943,-0.03150686293874014,0.7,10,10,,,beta_adjusted
73,0.410958904109589,0.6301369863013698,0.6255813953488372,0.24829226453071954,0.7264796664091363,0.2538429446261383,0.6108527131782946,0.542031023461649,all_features,logistic,walk_forward_2020,0.019501973534675802,0.0175019735346758,0.00800675698372542,-0.01149521655095038,0.5714285714285714,14,14,,,beta_adjusted
66,0.6212121212121212,0.5909090909090909,0.5692682926829269,0.1375338948501256,0.658195821763276,0.23334578772378486,0.6273170731707317,0.7508603424465959,all_features,logistic,walk_forward_2021,0.03733323314928912,0.03533323314928912,0.02929631187802969,-0.008036921271259432,0.8461538461538461,13,13,,,beta_adjusted
83,0.5421686746987951,0.5421686746987951,0.5388888888888889,0.07777777777777778,0.7425385622284355,0.27215240072445945,0.5058479532163742,0.5607104794221728,all_features,logistic,walk_forward_2022,0.0030124061561822716,0.0010124061561822715,-0.004282707855113266,-0.0072951140112955375,0.5,16,16,,,beta_adjusted
53,0.6226415094339622,0.4528301886792453,0.5015151515151515,0.0031996109509611066,0.7236420382804473,0.2645301001056186,0.5939393939393939,0.7335170794959882,all_features,xgboost,walk_forward_2019,0.06167687774361941,0.059676877743619405,0.0245420090157305,-0.0371348687278889,0.7,10,10,,,beta_adjusted
73,0.410958904109589,0.589041095890411,0.5554263565891473,0.11886247083795713,0.668521560588923,0.2364120135780433,0.627906976744186,0.5128390270588531,all_features,xgboost,walk_forward_2020,0.020125874685541747,0.01812587468554175,-0.003130547175859845,-0.023256421861401592,0.5714285714285714,14,14,,,beta_adjusted
66,0.6212121212121212,0.5757575757575758,0.5336585365853659,0.07010859338507926,0.6653032234503957,0.23670051021409452,0.6029268292682927,0.7130128492386061,all_features,xgboost,walk_forward_2021,0.030045039578603643,0.028045039578603645,0.02876470857950534,-0.0012803309990983029,0.7692307692307693,13,13,,,beta_adjusted
83,0.5421686746987951,0.4939759036144578,0.5026315789473684,0.005357997197768198,0.7213490675603641,0.26303636398715413,0.5116959064327485,0.549479445243908,all_features,xgboost,walk_forward_2022,0.01974933797277141,0.01774933797277141,0.019623819280173815,-0.00012551869259759497,0.625,16,16,,,beta_adjusted
275,0.5418181818181819,0.5781818181818181,0.5794982422499201,0.15846560994766615,0.736669816666475,0.26194324878591735,0.5846915947587088,0.6135908700372417,all_features,logistic,walk_forward_aggregate,0.028842153401934596,0.026842153401934597,0.015559471477902815,-0.013282681924031781,0.6363636363636364,55,55,0.5199933001242206,0.6481994353983405,beta_adjusted
275,0.5418181818181819,0.5309090909090909,0.5377117289868968,0.07609520472909964,0.6943166811166961,0.24993608793403269,0.5878342388409503,0.6166677253121639,all_features,xgboost,walk_forward_aggregate,0.028724279270042292,0.02672427927004229,0.019548469763035335,-0.009175809507006957,0.6909090909090909,55,55,0.5307807353936386,0.6389420579234298,beta_adjusted
275,0.5418181818181819,0.509090909090909,0.5120645573665707,0.02410216987299681,0.710155935833889,0.25644571916397035,0.5472994566954299,0.6069990727378358,financial_dictionary,logistic,walk_forward_aggregate,0.03329719671585099,0.03129719671585099,0.020885857115652252,-0.012411339600198738,0.7090909090909091,55,55,0.4767819268573638,0.6124138758816478,beta_adjusted
275,0.5418181818181819,0.5381818181818182,0.5456482369234047,0.09233514746872284,0.7037694836300528,0.2545138997446306,0.5598167678704592,0.5920855939891851,financial_dictionary,xgboost,walk_forward_aggregate,0.027016948574705678,0.025016948574705676,0.014697486683801397,-0.012319461890904281,0.6545454545454545,55,55,0.5040217113536208,0.618932619756516,beta_adjusted
275,0.5418181818181819,0.5236363636363637,0.5224246298071802,0.044716076663698485,0.700424430136914,0.25316770893860435,0.5547565782465111,0.5845251463429432,historical_surprise,logistic,walk_forward_aggregate,0.02527619734769475,0.023276197347694753,0.010474944496203635,-0.014801252851491116,0.6181818181818182,55,55,0.4811626003900812,0.6210873122777084,beta_adjusted
275,0.5418181818181819,0.5490909090909091,0.5514275061254927,0.10260935865866887,0.6975813672502129,0.25174513062374715,0.5797912005965697,0.6045589942234493,historical_surprise,xgboost,walk_forward_aggregate,0.028598206910113222,0.02659820691011322,0.014303003248962049,-0.014295203661151173,0.6363636363636364,55,55,0.5074690495016904,0.6476919219744763,beta_adjusted
275,0.5418181818181819,0.4290909090909091,0.4504900394162139,-0.11551965206756624,0.7040469188932169,0.25537994557641513,0.4776819005006925,0.5227704939363562,market_only,logistic,walk_forward_aggregate,-0.01254544328098167,-0.01454544328098167,-0.009466612225455182,0.003078831055526489,0.43636363636363634,55,55,0.4011638538425878,0.5527053104166451,beta_adjusted
275,0.5418181818181819,0.5018181818181818,0.5114786406732715,0.023501878593872268,0.718404198905647,0.26212142998502724,0.4966709278789816,0.5355884916738245,market_only,xgboost,walk_forward_aggregate,-0.004026233715216687,-0.006026233715216687,-0.0014563136719711856,0.0025699200432455008,0.5454545454545454,55,55,0.430972013544185,0.5531376616059499,beta_adjusted
275,0.5418181818181819,0.5709090909090909,0.5709491850431447,0.14140962136687332,0.7266213928433967,0.2594966573901687,0.5839458826036008,0.6119716519951468,sentence_sentiment,logistic,walk_forward_aggregate,0.03295971601983961,0.030959716019839607,0.019907435630534927,-0.01305228038930468,0.6545454545454545,55,55,0.5214284131611014,0.6455855515224844,beta_adjusted
275,0.5418181818181819,0.5163636363636364,0.5218387131138809,0.043881248295560095,0.7015017882285314,0.25358361465120477,0.5653030787258975,0.6012428506667629,sentence_sentiment,xgboost,walk_forward_aggregate,0.02919239540236044,0.027192395402360438,0.019028804705421256,-0.010163590696939185,0.6363636363636364,55,55,0.5054149824774391,0.6159423208120299,beta_adjusted
183,0.4808743169398907,0.4808743169398907,0.49120813397129187,-0.02089199890978609,0.6967259870338157,0.2517770754090327,0.5141148325358851,0.5056729436701913,market_only,logistic,final_holdout,0.006333362269997946,0.004333362269997946,0.002168829786890794,-0.004164532483107153,0.5277777777777778,36,36,0.44337683762111596,0.5797561221481357,beta_adjusted
183,0.4808743169398907,0.453551912568306,0.4602870813397129,-0.08490398847040248,0.7284602113900146,0.2672346331571071,0.4239234449760766,0.43651460844187756,market_only,xgboost,final_holdout,-0.040157994867160214,-0.042157994867160216,-0.021929944225182005,0.01822805064197821,0.3611111111111111,36,36,0.3418509495252373,0.512433750040171,beta_adjusted
183,0.4808743169398907,0.546448087431694,0.5522727272727272,0.10953296052934196,0.7269261245821625,0.2606639476474317,0.5996411483253589,0.5741944298929959,sentence_sentiment,logistic,final_holdout,0.02678919163164506,0.024789191631645058,0.015876893951545536,-0.010912297680099525,0.6388888888888888,36,36,0.5105989843489843,0.6830636836693328,beta_adjusted
183,0.4808743169398907,0.5956284153005464,0.5992224880382775,0.20160473959222777,0.6880287717024793,0.24658114985393909,0.6086124401913875,0.5690306820356139,sentence_sentiment,xgboost,final_holdout,0.03822921972435727,0.03622921972435727,0.004749416070113248,-0.03347980365424402,0.5833333333333334,36,36,0.5182722709646895,0.684096288150597,beta_adjusted
183,0.4808743169398907,0.5628415300546448,0.5701555023923445,0.15138127997208645,0.6905649437673013,0.2477808775789138,0.6110047846889952,0.5726357304375477,financial_dictionary,logistic,final_holdout,0.04150763190040485,0.03950763190040485,0.012046427582518776,-0.029461204317886076,0.6111111111111112,36,36,0.536789505487327,0.677390966503009,beta_adjusted
183,0.4808743169398907,0.5355191256830601,0.5417464114832536,0.08813811417412383,0.7099862560242474,0.25786732554967917,0.533133971291866,0.5275887482967918,financial_dictionary,xgboost,final_holdout,0.018456467146101267,0.016456467146101265,0.0005339065759024566,-0.017922560570198812,0.4722222222222222,36,36,0.4603690639453154,0.5947251345630138,beta_adjusted
183,0.4808743169398907,0.5792349726775956,0.5813397129186603,0.1634436892274157,0.678361608854718,0.2414901449348092,0.6245215311004785,0.5819519315252536,historical_surprise,logistic,final_holdout,0.03920397721893683,0.037203977218936826,0.011496767172067953,-0.027707210046868876,0.6111111111111112,36,36,0.542483408297694,0.7002285951408143,beta_adjusted
183,0.4808743169398907,0.5956284153005464,0.5983851674641147,0.19848721963379032,0.6847538859385295,0.24530315435751313,0.598444976076555,0.560062465621648,historical_surprise,xgboost,final_holdout,0.026858407813389367,0.02485840781338937,-0.0042700994976380925,-0.03112850731102746,0.5,36,36,0.5109791628067405,0.6868052107206518,beta_adjusted
183,0.4808743169398907,0.5519125683060109,0.5575358851674641,0.12013629974568144,0.7316789544384175,0.2619582191051249,0.603468899521531,0.5760467197944681,all_features,logistic,final_holdout,0.024258927299480877,0.022258927299480875,0.014583125584451438,-0.00967580171502944,0.6111111111111112,36,36,0.5146427184466019,0.6903316800066769,beta_adjusted
183,0.4808743169398907,0.5792349726775956,0.583433014354067,0.1706645544514941,0.690321796935661,0.24743001886556723,0.6064593301435407,0.562299864472183,all_features,xgboost,final_holdout,0.03963253124616894,0.037632531246168936,0.0047162342734127435,-0.034916296972756194,0.5833333333333334,36,36,0.5243458938896702,0.6803334473272545,beta_adjusted
